    ,Season year ,Rank  ,Unnamed: 1 ,Player                  ,Avg    ,Total Strokes ,Total Adjustment ,Total Rounds
  0 ,2022-2023   ,  1.0 ,-          ,Scottie Scheffler       ,68.629 ,       6007.0 ,32.329           ,        88.0
  1 ,2022-2023   ,  2.0 ,-          ,Rory McIlroy            ,68.777 ,       4411.0 ,-9.244           ,        64.0
  2 ,2022-2023   ,  3.0 ,-          ,Jon Rahm                ,69.037 ,       4886.0 ,15.615           ,        71.0
  3 ,2022-2023   ,  4.0 ,-          ,Xander Schauffele       ,69.083 ,       5313.0 ,6.367            ,        77.0
  4 ,2022-2023   ,  5.0 ,-          ,Viktor Hovland          ,69.123 ,       6065.0 ,17.843           ,        88.0
  5 ,2022-2023   ,      ,           ,                        ,       ,              ,                 ,          
  6 ,2022-2023   ,  6.0 ,-          ,Patrick Cantlay         ,69.19  ,       4956.0 ,25.696           ,        72.0
  7 ,2022-2023   ,  7.0 ,-          ,Tommy Fleetwood         ,69.248 ,       5132.0 ,-7.649           ,        74.0
  8 ,2022-2023   ,  8.0 ,-          ,Tyrrell Hatton          ,69.435 ,       5417.0 ,-1.1             ,        78.0
  9 ,2022-2023   ,  9.0 ,-          ,Rickie Fowler           ,69.504 ,       6373.0 ,21.333           ,        92.0
 10 ,2022-2023   , 10.0 ,-          ,Max Homa                ,69.516 ,       5951.0 ,27.401           ,        86.0
 11 ,2022-2023   , 11.0 ,-          ,Collin Morikawa         ,69.608 ,       5342.0 ,17.786           ,        77.0
 12 ,2022-2023   , 12.0 ,-          ,Wyndham Clark           ,69.642 ,       7079.0 ,24.505           ,       102.0
 13 ,2022-2023   , 13.0 ,-          ,Justin Rose             ,69.693 ,       4740.0 ,-0.875           ,        68.0
 14 ,2022-2023   , 14.0 ,-          ,Russell Henley          ,69.818 ,       5557.0 ,28.451           ,        80.0
 15 ,2022-2023   , 15.0 ,2          ,Tom Kim                 ,69.832 ,       6225.0 ,59.837           ,        90.0
 16 ,2022-2023   , 16.0 ,1          ,Denny McCarthy          ,69.891 ,       6679.0 ,30.57            ,        96.0
 17 ,2022-2023   , 17.0 ,1          ,Sungjae Im              ,69.893 ,       6942.0 ,47.305           ,       100.0
 18 ,2022-2023   , 18.0 ,1          ,Eric Cole               ,69.911 ,       8178.0 ,71.508           ,       118.0
 19 ,2022-2023   , 19.0 ,1          ,Tony Finau              ,69.933 ,       5840.0 ,34.407           ,        84.0
 20 ,2022-2023   , 20.0 ,-          ,Brian Harman            ,69.967 ,       6172.0 ,55.063           ,        89.0
 21 ,2022-2023   , 21.0 ,-          ,Jason Day               ,70.018 ,       5571.0 ,30.473           ,        80.0
 22 ,2022-2023   , 22.0 ,1          ,Matt Fitzpatrick        ,70.079 ,       5107.0 ,8.783            ,        73.0
 23 ,2022-2023   , 23.0 ,1          ,Keegan Bradley          ,70.092 ,       5445.0 ,22.171           ,        78.0
 24 ,2022-2023   , 24.0 ,2          ,Shane Lowry             ,70.132 ,       4367.0 ,-18.811          ,        62.0
 25 ,2022-2023   , 25.0 ,3          ,Andrew Putnam           ,70.134 ,       7460.0 ,44.334           ,       107.0
 26 ,2022-2023   ,      ,           ,                        ,       ,              ,                 ,          
 27 ,2022-2023   , 26.0 ,1          ,Corey Conners           ,70.141 ,       5725.0 ,26.522           ,        82.0
 28 ,2022-2023   , 27.0 ,1          ,Jordan Spieth           ,70.15  ,       5049.0 ,1.803            ,        72.0
 29 ,2022-2023   , 28.0 ,1          ,Hideki Matsuyama        ,70.154 ,       5800.0 ,22.81            ,        83.0
 30 ,2022-2023   , 29.0 ,1          ,Stephan Jaeger          ,70.157 ,       7920.0 ,77.953           ,       114.0
 31 ,2022-2023   , 30.0 ,5          ,Si Woo Kim              ,70.177 ,       6715.0 ,21.96            ,        96.0
 32 ,2022-2023   , 31.0 ,-          ,Adam Scott              ,70.201 ,       4199.0 ,13.033           ,        60.0
 33 ,2022-2023   , 32.0 ,-          ,Sahith Theegala         ,70.202 ,       6989.0 ,31.212           ,       100.0
 34 ,2022-2023   , 33.0 ,3          ,J.T. Poston             ,70.207 ,       6692.0 ,47.888           ,        96.0
 35 ,2022-2023   , 34.0 ,1          ,Sam Burns               ,70.233 ,       5673.0 ,15.911           ,        81.0
 36 ,2022-2023   , 35.0 ,1          ,Byeong Hun An           ,70.244 ,       7323.0 ,52.578           ,       105.0
 37 ,2022-2023   , 36.0 ,2          ,Cam Davis               ,70.252 ,       6058.0 ,53.955           ,        87.0
 38 ,2022-2023   , 37.0 ,2          ,Ben Griffin             ,70.302 ,       7185.0 ,56.127           ,       103.0
 39 ,2022-2023   , 38.0 ,1          ,Patrick Rodgers         ,70.321 ,       7137.0 ,35.723           ,       102.0
 40 ,2022-2023   , 39.0 ,4          ,Nick Taylor             ,70.346 ,       6216.0 ,44.769           ,        89.0
 41 ,2022-2023   , 40.0 ,8          ,Adam Hadwin             ,70.36  ,       6143.0 ,48.655           ,        88.0
 42 ,2022-2023   , 41.0 ,2          ,Chris Kirk              ,70.365 ,       6017.0 ,34.408           ,        86.0
 43 ,2022-2023   , 42.0 ,2          ,Brendon Todd            ,70.392 ,       6705.0 ,52.614           ,        96.0
 44 ,2022-2023   , 43.0 ,1          ,Maverick McNealy        ,70.398 ,       3997.0 ,15.674           ,        57.0
 45 ,2022-2023   , 44.0 ,3          ,Adam Schenk             ,70.41  ,       7772.0 ,43.54            ,       111.0
 46 ,2022-2023   , 45.0 ,1          ,Matt Kuchar             ,70.422 ,       5803.0 ,42.049           ,        83.0
 47 ,2022-2023   , 46.0 ,-          ,Aaron Rai               ,70.434 ,       7045.0 ,68.824           ,       101.0
 48 ,2022-2023   , 47.0 ,2          ,Thomas Detry            ,70.435 ,       5959.0 ,28.001           ,        85.0
 49 ,2022-2023   , 48.0 ,1          ,Harris English          ,70.461 ,       6532.0 ,20.858           ,        93.0
 50 ,2022-2023   , 49.0 ,-          ,Cameron Young           ,70.47  ,       5463.0 ,33.649           ,        78.0
 51 ,2022-2023   , 50.0 ,10         ,Beau Hossler            ,70.501 ,       7127.0 ,64.073           ,       102.0
 52 ,2022-2023   , 51.0 ,-          ,J.J. Spaun              ,70.514 ,       6280.0 ,66.257           ,        90.0
 53 ,2022-2023   , 52.0 ,-          ,Justin Thomas           ,70.52  ,       5067.0 ,10.468           ,        72.0
 54 ,2022-2023   , 53.0 ,6          ,Adam Svensson           ,70.522 ,       7687.0 ,70.413           ,       110.0
 55 ,2022-2023   , 54.0 ,4          ,Dylan Wu                ,70.532 ,       6704.0 ,67.031           ,        96.0
 56 ,2022-2023   , 55.0 ,1          ,Taylor Montgomery       ,70.54  ,       6300.0 ,48.587           ,        90.0
 57 ,2022-2023   , 56.0 ,2          ,Gary Woodland           ,70.542 ,       5867.0 ,-11.983          ,        83.0
 58 ,2022-2023   , 57.0 ,5          ,Akshay Bhatia           ,70.569 ,       4748.0 ,50.708           ,        68.0
 59 ,2022-2023   , 58.0 ,5          ,Tom Hoge                ,70.57  ,       6986.0 ,71.042           ,       100.0
 60 ,2022-2023   , 59.0 ,2          ,Joseph Bramlett         ,70.58  ,       5600.0 ,46.425           ,        80.0
 61 ,2022-2023   , 60.0 ,2          ,Mark Hubbard            ,70.583 ,       7283.0 ,57.669           ,       104.0
 62 ,2022-2023   , 61.0 ,4          ,Emiliano Grillo         ,70.593 ,       7506.0 ,47.42            ,       107.0
 63 ,2022-2023   , 62.0 ,7          ,Alex Smalley            ,70.596 ,       7287.0 ,55.012           ,       104.0
 64 ,2022-2023   , 63.0 ,-          ,Sepp Straka             ,70.597 ,       6461.0 ,33.939           ,        92.0
 65 ,2022-2023   , 64.0 ,-          ,Taylor Moore            ,70.604 ,       6823.0 ,25.571           ,        97.0
 66 ,2022-2023   , 65.0 ,9          ,Alex Noren              ,70.613 ,       5631.0 ,18.076           ,        80.0
 67 ,2022-2023   , 66.0 ,1          ,Sam Ryder               ,70.616 ,       6922.0 ,69.005           ,        99.0
 68 ,2022-2023   , 67.0 ,2          ,Kurt Kitayama           ,70.625 ,       4809.0 ,-6.481           ,        68.0
 69 ,2022-2023   , 68.0 ,2          ,Keith Mitchell          ,70.633 ,       5904.0 ,29.171           ,        84.0
 70 ,2022-2023   , 69.0 ,6          ,K.H. Lee                ,70.649 ,       6658.0 ,53.661           ,        95.0
 71 ,2022-2023   , 70.0 ,-          ,Lee Hodges              ,70.667 ,       7245.0 ,33.709           ,       103.0
 72 ,2022-2023   , 71.0 ,-          ,Aaron Baddeley          ,70.706 ,       5027.0 ,63.841           ,        72.0
 73 ,2022-2023   , 71.0 ,-          ,Brandon Wu              ,70.706 ,       6921.0 ,78.872           ,        99.0
 74 ,2022-2023   , 73.0 ,4          ,Kevin Yu                ,70.721 ,       4101.0 ,71.548           ,        59.0
 75 ,2022-2023   , 74.0 ,6          ,Hayden Buckley          ,70.743 ,       5199.0 ,35.957           ,        74.0
 76 ,2022-2023   , 75.0 ,-          ,Austin Eckroat          ,70.746 ,       6028.0 ,56.153           ,        86.0
 77 ,2022-2023   , 76.0 ,3          ,Christiaan Bezuidenhout ,70.747 ,       6242.0 ,54.441           ,        89.0
 78 ,2022-2023   , 77.0 ,-          ,Nick Hardy              ,70.774 ,       7161.0 ,57.933           ,       102.0
 79 ,2022-2023   , 78.0 ,6          ,Michael Kim             ,70.78  ,       6254.0 ,45.387           ,        89.0
 80 ,2022-2023   , 79.0 ,-          ,Justin Suh              ,70.785 ,       7182.0 ,38.053           ,       102.0
 81 ,2022-2023   , 80.0 ,3          ,Vincent Norrman         ,70.793 ,       5665.0 ,69.24            ,        81.0
 82 ,2022-2023   , 81.0 ,-          ,Sam Stevens             ,70.802 ,       7027.0 ,53.222           ,       100.0
 83 ,2022-2023   , 82.0 ,3          ,Greyson Sigg            ,70.821 ,       6921.0 ,90.293           ,        99.0
 84 ,2022-2023   , 83.0 ,3          ,S.H. Kim                ,70.827 ,       7513.0 ,65.488           ,       107.0
 85 ,2022-2023   , 84.0 ,2          ,Lucas Glover            ,70.834 ,       6440.0 ,76.695           ,        92.0
 86 ,2022-2023   , 85.0 ,3          ,Harry Hall              ,70.846 ,       6576.0 ,83.521           ,        94.0
 87 ,2022-2023   , 86.0 ,3          ,Seamus Power            ,70.847 ,       5764.0 ,45.417           ,        82.0
 88 ,2022-2023   , 87.0 ,1          ,Nate Lashley            ,70.873 ,       6780.0 ,94.7             ,        97.0
 89 ,2022-2023   , 88.0 ,1          ,Davis Thompson          ,70.88  ,       6177.0 ,60.436           ,        88.0
 90 ,2022-2023   , 89.0 ,2          ,Ben Martin              ,70.901 ,       6669.0 ,66.592           ,        95.0
 91 ,2022-2023   , 90.0 ,9          ,Joel Dahmen             ,70.949 ,       6206.0 ,37.545           ,        88.0
 92 ,2022-2023   , 90.0 ,-          ,Doug Ghim               ,70.949 ,       5950.0 ,80.655           ,        85.0
 93 ,2022-2023   , 92.0 ,2          ,Matt Wallace            ,70.954 ,       5654.0 ,22.352           ,        80.0
 94 ,2022-2023   , 93.0 ,2          ,Andrew Novak            ,70.979 ,       5826.0 ,65.233           ,        83.0
 95 ,2022-2023   , 94.0 ,2          ,Garrick Higgo           ,70.985 ,       7170.0 ,70.424           ,       102.0
 96 ,2022-2023   , 95.0 ,3          ,Billy Horschel          ,70.997 ,       4395.0 ,6.813            ,        62.0
 97 ,2022-2023   , 96.0 ,-          ,Zac Blair               ,71.003 ,       4915.0 ,55.189           ,        70.0
 98 ,2022-2023   , 97.0 ,5          ,Chesson Hadley          ,71.013 ,       6031.0 ,76.151           ,        86.0
 99 ,2022-2023   , 98.0 ,3          ,Mackenzie Hughes        ,71.014 ,       5436.0 ,32.087           ,        77.0
100 ,2022-2023   , 99.0 ,1          ,Matt NeSmith            ,71.025 ,       6410.0 ,53.239           ,        91.0
101 ,2022-2023   ,100.0 ,2          ,Davis Riley             ,71.075 ,       6496.0 ,42.931           ,        92.0
102 ,2022-2023   ,101.0 ,1          ,Will Gordon             ,71.08  ,       6966.0 ,70.936           ,        99.0
103 ,2022-2023   ,102.0 ,5          ,Kevin Streelman         ,71.101 ,       6647.0 ,36.469           ,        94.0
104 ,2022-2023   ,103.0 ,2          ,Robby Shelton           ,71.113 ,       6622.0 ,62.658           ,        94.0
105 ,2022-2023   ,104.0 ,4          ,Luke List               ,71.115 ,       6208.0 ,50.11            ,        88.0
106 ,2022-2023   ,105.0 ,5          ,Taylor Pendrith         ,71.12  ,       6289.0 ,40.642           ,        89.0
107 ,2022-2023   ,      ,           ,tour average            ,71.132 ,              ,                 ,          
108 ,2022-2023   ,106.0 ,3          ,Tyler Duncan            ,71.147 ,       6185.0 ,75.938           ,        88.0
109 ,2022-2023   ,107.0 ,-          ,Ryan Palmer             ,71.179 ,       4867.0 ,44.361           ,        69.0
110 ,2022-2023   ,108.0 ,3          ,Lucas Herbert           ,71.181 ,       3832.0 ,11.793           ,        54.0
111 ,2022-2023   ,109.0 ,3          ,Callum Tarren           ,71.182 ,       6423.0 ,54.6             ,        91.0
112 ,2022-2023   ,110.0 ,1          ,Ben Taylor              ,71.2   ,       6918.0 ,59.643           ,        98.0
113 ,2022-2023   ,111.0 ,7          ,David Lipsky            ,71.21  ,       6566.0 ,56.505           ,        93.0
114 ,2022-2023   ,112.0 ,6          ,Carson Young            ,71.232 ,       6405.0 ,77.106           ,        91.0
115 ,2022-2023   ,113.0 ,-          ,Zach Johnson            ,71.27  ,       4685.0 ,18.813           ,        66.0
116 ,2022-2023   ,114.0 ,2          ,Webb Simpson            ,71.272 ,       3904.0 ,15.964           ,        55.0
117 ,2022-2023   ,115.0 ,-          ,Scott Piercy            ,71.274 ,       6135.0 ,65.876           ,        87.0
118 ,2022-2023   ,116.0 ,2          ,Kevin Tway              ,71.301 ,       6418.0 ,70.435           ,        91.0
119 ,2022-2023   ,117.0 ,-          ,Charley Hoffman         ,71.319 ,       5014.0 ,49.627           ,        71.0
120 ,2022-2023   ,118.0 ,2          ,Ryan Gerard             ,71.337 ,       3822.0 ,30.203           ,        54.0
121 ,2022-2023   ,119.0 ,1          ,Stewart Cink            ,71.342 ,       4962.0 ,31.92            ,        70.0
122 ,2022-2023   ,120.0 ,1          ,Danny Willett           ,71.344 ,       4769.0 ,11.049           ,        67.0
123 ,2022-2023   ,121.0 ,2          ,Justin Lower            ,71.352 ,       6699.0 ,79.48            ,        95.0
124 ,2022-2023   ,122.0 ,4          ,Chad Ramey              ,71.368 ,       7112.0 ,96.213           ,       101.0
125 ,2022-2023   ,123.0 ,-          ,Scott Stallings         ,71.377 ,       5813.0 ,39.884           ,        82.0
126 ,2022-2023   ,124.0 ,2          ,Jimmy Walker            ,71.381 ,       5668.0 ,42.473           ,        80.0
127 ,2022-2023   ,125.0 ,1          ,Martin Laird            ,71.39  ,       5503.0 ,65.44            ,        78.0
128 ,2022-2023   ,126.0 ,3          ,Adam Long               ,71.392 ,       7277.0 ,76.335           ,       103.0
129 ,2022-2023   ,127.0 ,18         ,Ryan Moore              ,71.394 ,       4993.0 ,76.004           ,        71.0
130 ,2022-2023   ,128.0 ,1          ,David Lingmerth         ,71.405 ,       5406.0 ,20.814           ,        76.0
131 ,2022-2023   ,129.0 ,5          ,MJ Daffue               ,71.409 ,       6702.0 ,81.902           ,        95.0
132 ,2022-2023   ,130.0 ,10         ,Henrik Norlander        ,71.441 ,       5994.0 ,78.443           ,        85.0
133 ,2022-2023   ,131.0 ,10         ,Austin Smotherman       ,71.448 ,       6221.0 ,66.456           ,        88.0
134 ,2022-2023   ,132.0 ,5          ,Patton Kizzire          ,71.453 ,       6208.0 ,79.87            ,        88.0
135 ,2022-2023   ,133.0 ,2          ,Cody Gribble            ,71.46  ,       4242.0 ,45.58            ,        60.0
136 ,2022-2023   ,134.0 ,15         ,Erik van Rooyen         ,71.464 ,       5227.0 ,61.349           ,        74.0
137 ,2022-2023   ,135.0 ,5          ,Zecheng Dou             ,71.467 ,       6282.0 ,78.607           ,        89.0
138 ,2022-2023   ,136.0 ,8          ,Russell Knox            ,71.468 ,       7196.0 ,93.752           ,       102.0
139 ,2022-2023   ,137.0 ,1          ,Chris Stroud            ,71.486 ,       3733.0 ,55.784           ,        53.0
140 ,2022-2023   ,138.0 ,4          ,Tano Goya               ,71.488 ,       5633.0 ,86.079           ,        80.0
141 ,2022-2023   ,139.0 ,16         ,Cameron Champ           ,71.511 ,       4677.0 ,42.695           ,        66.0
142 ,2022-2023   ,140.0 ,5          ,Kramer Hickok           ,71.513 ,       6018.0 ,60.591           ,        85.0
143 ,2022-2023   ,140.0 ,3          ,Satoshi Kodaira         ,71.513 ,       3455.0 ,49.129           ,        49.0
144 ,2022-2023   ,142.0 ,10         ,Chez Reavie             ,71.515 ,       6518.0 ,61.424           ,        92.0
145 ,2022-2023   ,143.0 ,1          ,Cameron Percy           ,71.521 ,       3889.0 ,44.666           ,        55.0
146 ,2022-2023   ,144.0 ,3          ,Carl Yuan               ,71.538 ,       5232.0 ,61.818           ,        74.0
147 ,2022-2023   ,145.0 ,7          ,Kevin Roy               ,71.541 ,       4805.0 ,59.819           ,        68.0
148 ,2022-2023   ,146.0 ,-          ,Harrison Endycott       ,71.56  ,       5866.0 ,73.495           ,        83.0
149 ,2022-2023   ,147.0 ,14         ,Peter Malnati           ,71.563 ,       6041.0 ,41.832           ,        85.0
150 ,2022-2023   ,148.0 ,6          ,Ryan Armour             ,71.565 ,       5803.0 ,65.358           ,        82.0
151 ,2022-2023   ,149.0 ,10         ,Doc Redman              ,71.567 ,       4960.0 ,49.706           ,        70.0
152 ,2022-2023   ,150.0 ,-          ,Brice Garnett           ,71.603 ,       5505.0 ,80.005           ,        78.0
153 ,2022-2023   ,151.0 ,-          ,Kevin Chappell          ,71.612 ,       3535.0 ,45.622           ,        50.0
154 ,2022-2023   ,152.0 ,4          ,Troy Merritt            ,71.621 ,       5804.0 ,68.909           ,        82.0
155 ,2022-2023   ,153.0 ,-          ,S.Y. Noh                ,71.623 ,       4451.0 ,61.258           ,        63.0
156 ,2022-2023   ,154.0 ,3          ,Kelly Kraft             ,71.624 ,       5524.0 ,62.707           ,        78.0
157 ,2022-2023   ,155.0 ,1          ,Nico Echavarria         ,71.654 ,       4701.0 ,28.174           ,        66.0
158 ,2022-2023   ,156.0 ,1          ,Sean O'Hair             ,71.66  ,       3260.0 ,36.37            ,        46.0
159 ,2022-2023   ,157.0 ,5          ,James Hahn              ,71.73  ,       5396.0 ,55.467           ,        76.0
160 ,2022-2023   ,158.0 ,-          ,Jonathan Byrd           ,71.746 ,       3822.0 ,52.292           ,        54.0
161 ,2022-2023   ,159.0 ,-          ,Robert Streb            ,71.783 ,       5031.0 ,65.622           ,        71.0
162 ,2022-2023   ,160.0 ,2          ,Austin Cook             ,71.784 ,       5327.0 ,56.818           ,        75.0
163 ,2022-2023   ,161.0 ,1          ,Trey Mullinax           ,71.789 ,       5079.0 ,18.039           ,        71.0
164 ,2022-2023   ,162.0 ,1          ,Augusto Núñez           ,71.805 ,       5461.0 ,68.006           ,        77.0
165 ,2022-2023   ,163.0 ,1          ,Trevor Cone             ,71.823 ,       5386.0 ,72.534           ,        76.0
166 ,2022-2023   ,164.0 ,1          ,Tyson Alexander         ,71.847 ,       5901.0 ,62.261           ,        83.0
167 ,2022-2023   ,165.0 ,1          ,Jason Dufner            ,71.866 ,       5901.0 ,63.846           ,        83.0
168 ,2022-2023   ,166.0 ,1          ,Harry Higgs             ,71.88  ,       5391.0 ,71.851           ,        76.0
169 ,2022-2023   ,167.0 ,3          ,William McGirt          ,71.919 ,       3198.0 ,38.337           ,        45.0
170 ,2022-2023   ,168.0 ,1          ,Matthias Schwab         ,71.926 ,       6752.0 ,80.962           ,        95.0
171 ,2022-2023   ,169.0 ,3          ,Matti Schmid            ,71.931 ,       4896.0 ,67.259           ,        69.0
172 ,2022-2023   ,170.0 ,3          ,Scott Harrington        ,71.947 ,       5261.0 ,63.075           ,        74.0
173 ,2022-2023   ,171.0 ,3          ,Paul Haley II           ,71.987 ,       5994.0 ,52.933           ,        84.0
174 ,2022-2023   ,172.0 ,1          ,Richy Werenski          ,72.007 ,       6335.0 ,73.632           ,        89.0
175 ,2022-2023   ,173.0 ,1          ,Trevor Werbylo          ,72.158 ,       5351.0 ,60.865           ,        75.0
176 ,2022-2023   ,174.0 ,1          ,Kyle Westmoreland       ,72.22  ,       5076.0 ,51.592           ,        71.0
177 ,2022-2023   ,175.0 ,-          ,Hank Lebioda            ,72.249 ,       4077.0 ,41.206           ,        57.0
178 ,2022-2023   ,176.0 ,2          ,Brent Grant             ,72.304 ,       5290.0 ,60.473           ,        74.0
179 ,2022-2023   ,177.0 ,1          ,Martin Trainer          ,72.312 ,       3780.0 ,52.547           ,        53.0
180 ,2022-2023   ,178.0 ,1          ,Jim Herman              ,72.437 ,       4940.0 ,58.121           ,        69.0
181 ,2022-2023   ,179.0 ,2          ,Brian Stuard            ,72.439 ,       4507.0 ,56.634           ,        63.0
182 ,2022-2023   ,180.0 ,-          ,Dylan Frittelli         ,72.498 ,       5175.0 ,44.849           ,        72.0
183 ,2022-2023   ,181.0 ,-          ,Andrew Landry           ,72.556 ,       5219.0 ,77.563           ,        73.0
184 ,2022-2023   ,182.0 ,-          ,Max McGreevy            ,72.672 ,       5898.0 ,61.104           ,        82.0
185 ,2022-2023   ,183.0 ,-          ,Ryan Brehm              ,72.731 ,       5599.0 ,74.037           ,        78.0
186 ,2022-2023   ,184.0 ,-          ,Michael Gligic          ,72.751 ,       4811.0 ,63.348           ,        67.0
187 ,2022-2023   ,185.0 ,-          ,Nick Watney             ,72.859 ,       4906.0 ,48.432           ,        68.0
188 ,2022-2023   ,186.0 ,-          ,Brandon Matthews        ,73.153 ,       4262.0 ,54.054           ,        59.0
189 ,2021-2022   ,  1.0 ,-          ,Rory McIlroy            ,68.67  ,       4134.0 ,-13.83           ,        60.0
190 ,2021-2022   ,  2.0 ,-          ,Cameron Smith           ,69.203 ,       4271.0 ,19.612           ,        62.0
191 ,2021-2022   ,  3.0 ,-          ,Matt Fitzpatrick        ,69.217 ,       4865.0 ,-19.784          ,        70.0
192 ,2021-2022   ,  4.0 ,-          ,Scottie Scheffler       ,69.293 ,       5787.0 ,33.571           ,        84.0
193 ,2021-2022   ,  5.0 ,-          ,Xander Schauffele       ,69.462 ,       4964.0 ,37.253           ,        72.0
194 ,2021-2022   ,      ,           ,                        ,       ,              ,                 ,          
195 ,2021-2022   ,  6.0 ,-          ,Patrick Cantlay         ,69.468 ,       4693.0 ,30.836           ,        68.0
196 ,2021-2022   ,  7.0 ,-          ,Justin Thomas           ,69.493 ,       5232.0 ,49.477           ,        76.0
197 ,2021-2022   ,  8.0 ,-          ,Tommy Fleetwood         ,69.653 ,       3909.0 ,-8.456           ,        56.0
198 ,2021-2022   ,  9.0 ,-          ,Shane Lowry             ,69.661 ,       4040.0 ,0.338            ,        58.0
199 ,2021-2022   , 10.0 ,-          ,Will Zalatoris          ,69.698 ,       5286.0 ,11.069           ,        76.0
200 ,2021-2022   , 11.0 ,-          ,Tony Finau              ,69.748 ,       5949.0 ,49.317           ,        86.0
201 ,2021-2022   , 12.0 ,-          ,Jon Rahm                ,69.755 ,       4871.0 ,11.884           ,        70.0
202 ,2021-2022   , 13.0 ,-          ,Sungjae Im              ,69.762 ,       6091.0 ,48.024           ,        88.0
203 ,2021-2022   , 14.0 ,-          ,Sam Burns               ,69.768 ,       5549.0 ,32.422           ,        80.0
204 ,2021-2022   , 15.0 ,-          ,Joaquin Niemann         ,69.829 ,       5560.0 ,26.336           ,        80.0
205 ,2021-2022   , 16.0 ,-          ,Cameron Young           ,69.844 ,       5711.0 ,16.185           ,        82.0
206 ,2021-2022   , 17.0 ,-          ,Collin Morikawa         ,69.863 ,       4178.0 ,13.764           ,        60.0
207 ,2021-2022   , 18.0 ,-          ,Keith Mitchell          ,69.916 ,       5978.0 ,34.794           ,        86.0
208 ,2021-2022   , 19.0 ,-          ,Russell Henley          ,69.933 ,       5424.0 ,30.8             ,        78.0
209 ,2021-2022   , 20.0 ,-          ,Corey Conners           ,69.941 ,       6064.0 ,20.892           ,        87.0
210 ,2021-2022   , 21.0 ,-          ,Aaron Wise              ,69.944 ,       5970.0 ,45.182           ,        86.0
211 ,2021-2022   , 22.0 ,-          ,Denny McCarthy          ,69.971 ,       6981.0 ,16.085           ,       100.0
212 ,2021-2022   , 23.0 ,-          ,Max Homa                ,69.972 ,       5729.0 ,8.691            ,        82.0
213 ,2021-2022   , 24.0 ,-          ,Tyrrell Hatton          ,70.01  ,       4495.0 ,-14.373          ,        64.0
214 ,2021-2022   , 25.0 ,-          ,Billy Horschel          ,70.023 ,       4886.0 ,15.591           ,        70.0
215 ,2021-2022   ,      ,           ,                        ,       ,              ,                 ,          
216 ,2021-2022   , 26.0 ,-          ,Talor Gooch             ,70.063 ,       4931.0 ,43.453           ,        71.0
217 ,2021-2022   , 27.0 ,-          ,Hideki Matsuyama        ,70.116 ,       5003.0 ,45.366           ,        72.0
218 ,2021-2022   , 28.0 ,-          ,Viktor Hovland          ,70.163 ,       4882.0 ,29.387           ,        70.0
219 ,2021-2022   , 29.0 ,-          ,Brian Harman            ,70.195 ,       6361.0 ,26.789           ,        91.0
220 ,2021-2022   , 30.0 ,-          ,Mito Pereira            ,70.216 ,       6222.0 ,27.222           ,        89.0
221 ,2021-2022   , 31.0 ,-          ,Jordan Spieth           ,70.24  ,       5161.0 ,36.742           ,        74.0
222 ,2021-2022   , 32.0 ,-          ,Davis Riley             ,70.259 ,       6570.0 ,34.325           ,        94.0
223 ,2021-2022   , 33.0 ,-          ,Maverick McNealy        ,70.282 ,       6138.0 ,46.813           ,        88.0
224 ,2021-2022   , 34.0 ,-          ,Mark Hubbard            ,70.284 ,       4728.0 ,51.308           ,        68.0
225 ,2021-2022   , 35.0 ,-          ,Matt Kuchar             ,70.291 ,       4954.0 ,36.665           ,        71.0
226 ,2021-2022   , 36.0 ,-          ,J.T. Poston             ,70.295 ,       6141.0 ,44.982           ,        88.0
227 ,2021-2022   , 37.0 ,-          ,Seamus Power            ,70.303 ,       5438.0 ,45.625           ,        78.0
228 ,2021-2022   , 38.0 ,-          ,Christiaan Bezuidenhout ,70.32  ,       5596.0 ,29.564           ,        80.0
229 ,2021-2022   , 39.0 ,-          ,Troy Merritt            ,70.338 ,       6398.0 ,2.765            ,        91.0
230 ,2021-2022   , 40.0 ,-          ,Keegan Bradley          ,70.354 ,       5612.0 ,16.288           ,        80.0
231 ,2021-2022   , 41.0 ,-          ,Tom Hoge                ,70.366 ,       6714.0 ,41.169           ,        96.0
232 ,2021-2022   , 42.0 ,-          ,Charles Howell III      ,70.389 ,       3766.0 ,34.982           ,        54.0
233 ,2021-2022   , 43.0 ,-          ,Justin Rose             ,70.406 ,       3794.0 ,7.932            ,        54.0
234 ,2021-2022   , 44.0 ,-          ,Adam Long               ,70.417 ,       6157.0 ,39.665           ,        88.0
235 ,2021-2022   , 45.0 ,-          ,Harold Varner III       ,70.422 ,       4829.0 ,30.11            ,        69.0
236 ,2021-2022   , 46.0 ,-          ,Chris Kirk              ,70.425 ,       5888.0 ,27.674           ,        84.0
237 ,2021-2022   , 47.0 ,-          ,Brendon Todd            ,70.439 ,       5808.0 ,38.405           ,        83.0
238 ,2021-2022   , 48.0 ,-          ,Scott Stallings         ,70.457 ,       6707.0 ,56.832           ,        96.0
239 ,2021-2022   , 48.0 ,-          ,Gary Woodland           ,70.457 ,       4872.0 ,-10.486          ,        69.0
240 ,2021-2022   , 50.0 ,-          ,Andrew Putnam           ,70.468 ,       6578.0 ,45.987           ,        94.0
241 ,2021-2022   , 51.0 ,-          ,Taylor Pendrith         ,70.506 ,       4952.0 ,53.921           ,        71.0
242 ,2021-2022   , 51.0 ,-          ,Adam Scott              ,70.506 ,       5046.0 ,30.456           ,        72.0
243 ,2021-2022   , 53.0 ,-          ,Marc Leishman           ,70.511 ,       5048.0 ,28.784           ,        72.0
244 ,2021-2022   , 54.0 ,-          ,Jhonattan Vegas         ,70.521 ,       5403.0 ,27.128           ,        77.0
245 ,2021-2022   , 55.0 ,-          ,Sebastián Muñoz         ,70.524 ,       5826.0 ,27.485           ,        83.0
246 ,2021-2022   , 56.0 ,-          ,Alex Smalley            ,70.535 ,       6521.0 ,38.798           ,        93.0
247 ,2021-2022   , 57.0 ,-          ,Alex Noren              ,70.545 ,       4478.0 ,36.886           ,        64.0
248 ,2021-2022   , 58.0 ,-          ,Martin Laird            ,70.574 ,       4637.0 ,20.888           ,        66.0
249 ,2021-2022   , 59.0 ,-          ,K.H. Lee                ,70.578 ,       6880.0 ,36.609           ,        98.0
250 ,2021-2022   , 60.0 ,-          ,Webb Simpson            ,70.583 ,       4140.0 ,24.38            ,        59.0
251 ,2021-2022   , 61.0 ,-          ,Matthew NeSmith         ,70.594 ,       6482.0 ,12.631           ,        92.0
252 ,2021-2022   , 62.0 ,-          ,Adam Hadwin             ,70.595 ,       6307.0 ,46.569           ,        90.0
253 ,2021-2022   , 62.0 ,-          ,Patrick Rodgers         ,70.595 ,       5976.0 ,24.587           ,        85.0
254 ,2021-2022   , 64.0 ,-          ,Matthias Schwab         ,70.598 ,       4912.0 ,29.851           ,        70.0
255 ,2021-2022   , 65.0 ,-          ,Russell Knox            ,70.603 ,       6246.0 ,37.652           ,        89.0
256 ,2021-2022   , 66.0 ,-          ,Aaron Rai               ,70.637 ,       6245.0 ,41.677           ,        89.0
257 ,2021-2022   , 67.0 ,-          ,Mackenzie Hughes        ,70.64  ,       5796.0 ,-3.504           ,        82.0
258 ,2021-2022   , 68.0 ,-          ,J.J. Spaun              ,70.669 ,       6674.0 ,39.6             ,        95.0
259 ,2021-2022   , 69.0 ,-          ,Luke List               ,70.679 ,       5643.0 ,11.346           ,        80.0
260 ,2021-2022   , 69.0 ,-          ,Brendan Steele          ,70.679 ,       5139.0 ,20.57            ,        73.0
261 ,2021-2022   , 71.0 ,-          ,Tyler Duncan            ,70.696 ,       5733.0 ,64.112           ,        82.0
262 ,2021-2022   , 72.0 ,-          ,Cam Davis               ,70.714 ,       5747.0 ,51.584           ,        82.0
263 ,2021-2022   , 73.0 ,-          ,Lanto Griffin           ,70.735 ,       5502.0 ,15.309           ,        78.0
264 ,2021-2022   , 74.0 ,-          ,John Huh                ,70.737 ,       5179.0 ,55.515           ,        74.0
265 ,2021-2022   , 75.0 ,-          ,Cameron Tringale        ,70.761 ,       6472.0 ,38.052           ,        92.0
266 ,2021-2022   , 76.0 ,-          ,Ryan Palmer             ,70.763 ,       4729.0 ,12.13            ,        67.0
267 ,2021-2022   , 77.0 ,-          ,Wyndham Clark           ,70.771 ,       6817.0 ,47.764           ,        97.0
268 ,2021-2022   , 78.0 ,-          ,Jason Kokrak            ,70.778 ,       4293.0 ,24.455           ,        61.0
269 ,2021-2022   , 79.0 ,-          ,Satoshi Kodaira         ,70.785 ,       3583.0 ,27.018           ,        51.0
270 ,2021-2022   , 80.0 ,-          ,Sahith Theegala         ,70.788 ,       7911.0 ,88.099           ,       113.0
271 ,2021-2022   , 81.0 ,-          ,Callum Tarren           ,70.801 ,       4859.0 ,26.248           ,        69.0
272 ,2021-2022   , 82.0 ,-          ,David Lipsky            ,70.802 ,       6190.0 ,40.562           ,        88.0
273 ,2021-2022   , 83.0 ,-          ,C.T. Pan                ,70.803 ,       5777.0 ,28.806           ,        82.0
274 ,2021-2022   , 84.0 ,-          ,Jason Day               ,70.806 ,       4009.0 ,26.944           ,        57.0
275 ,2021-2022   , 85.0 ,-          ,Rory Sabbatini          ,70.836 ,       3855.0 ,40.957           ,        55.0
276 ,2021-2022   , 86.0 ,-          ,Stephan Jaeger          ,70.841 ,       5988.0 ,33.445           ,        85.0
277 ,2021-2022   , 87.0 ,-          ,Nick Hardy              ,70.845 ,       4150.0 ,29.826           ,        59.0
278 ,2021-2022   , 88.0 ,-          ,Joel Dahmen             ,70.855 ,       5985.0 ,37.633           ,        85.0
279 ,2021-2022   , 89.0 ,-          ,Anirban Lahiri          ,70.869 ,       5082.0 ,20.56            ,        72.0
280 ,2021-2022   , 90.0 ,-          ,Adam Svensson           ,70.877 ,       7015.0 ,72.692           ,       100.0
281 ,2021-2022   , 91.0 ,-          ,Matt Jones              ,70.879 ,       4287.0 ,36.639           ,        61.0
282 ,2021-2022   , 92.0 ,-          ,Luke Donald             ,70.882 ,       4721.0 ,28.086           ,        67.0
283 ,2021-2022   , 92.0 ,-          ,Kurt Kitayama           ,70.882 ,       4937.0 ,24.747           ,        70.0
284 ,2021-2022   , 94.0 ,-          ,Lee Hodges              ,70.889 ,       6531.0 ,61.69            ,        93.0
285 ,2021-2022   , 95.0 ,-          ,Kevin Streelman         ,70.901 ,       6178.0 ,61.254           ,        88.0
286 ,2021-2022   , 96.0 ,-          ,Nate Lashley            ,70.902 ,       5321.0 ,67.521           ,        76.0
287 ,2021-2022   , 97.0 ,-          ,Robert Streb            ,70.906 ,       5844.0 ,41.167           ,        83.0
288 ,2021-2022   , 98.0 ,-          ,Si Woo Kim              ,70.916 ,       6893.0 ,56.773           ,        98.0
289 ,2021-2022   , 99.0 ,-          ,Abraham Ancer           ,70.917 ,       4071.0 ,42.161           ,        58.0
290 ,2021-2022   ,100.0 ,-          ,Vince Whaley            ,70.923 ,       5957.0 ,71.429           ,        85.0
291 ,2021-2022   ,101.0 ,-          ,Ryan Armour             ,70.924 ,       3527.0 ,19.214           ,        50.0
292 ,2021-2022   ,102.0 ,-          ,Vaughn Taylor           ,70.928 ,       3718.0 ,41.203           ,        53.0
293 ,2021-2022   ,103.0 ,-          ,Nick Taylor             ,70.93  ,       6224.0 ,17.822           ,        88.0
294 ,2021-2022   ,104.0 ,-          ,Taylor Moore            ,70.939 ,       5897.0 ,61.908           ,        84.0
295 ,2021-2022   ,105.0 ,-          ,Pat Perez               ,70.941 ,       4374.0 ,24.369           ,        62.0
296 ,2021-2022   ,106.0 ,-          ,Cameron Percy           ,70.947 ,       3088.0 ,33.649           ,        44.0
297 ,2021-2022   ,107.0 ,-          ,Emiliano Grillo         ,70.965 ,       5891.0 ,70.057           ,        84.0
298 ,2021-2022   ,108.0 ,-          ,Kevin Kisner            ,70.966 ,       4630.0 ,53.74            ,        66.0
299 ,2021-2022   ,109.0 ,-          ,James Hahn              ,70.973 ,       4993.0 ,46.106           ,        71.0
300 ,2021-2022   ,110.0 ,-          ,Beau Hossler            ,70.98  ,       4974.0 ,-5.423           ,        70.0
301 ,2021-2022   ,111.0 ,-          ,Rickie Fowler           ,70.987 ,       5040.0 ,0.088            ,        71.0
302 ,2021-2022   ,112.0 ,-          ,Greyson Sigg            ,70.994 ,       6321.0 ,68.423           ,        90.0
303 ,2021-2022   ,113.0 ,-          ,Brandon Wu              ,71.006 ,       5203.0 ,51.45            ,        74.0
304 ,2021-2022   ,114.0 ,-          ,Trey Mullinax           ,71.008 ,       5745.0 ,77.668           ,        82.0
305 ,2021-2022   ,115.0 ,-          ,Dylan Frittelli         ,71.013 ,       6574.0 ,30.248           ,        93.0
306 ,2021-2022   ,116.0 ,-          ,Chez Reavie             ,71.039 ,       5999.0 ,39.277           ,        85.0
307 ,2021-2022   ,117.0 ,-          ,Hayden Buckley          ,71.041 ,       6410.0 ,54.692           ,        91.0
308 ,2021-2022   ,118.0 ,-          ,Doug Ghim               ,71.056 ,       5935.0 ,33.712           ,        84.0
309 ,2021-2022   ,119.0 ,-          ,Peter Malnati           ,71.059 ,       7249.0 ,70.116           ,       103.0
310 ,2021-2022   ,120.0 ,-          ,Sam Ryder               ,71.064 ,       6202.0 ,51.622           ,        88.0
311 ,2021-2022   ,121.0 ,-          ,Chase Seiffert          ,71.067 ,       3610.0 ,14.42            ,        51.0
312 ,2021-2022   ,122.0 ,-          ,Michael Thompson        ,71.07  ,       5902.0 ,67.921           ,        84.0
313 ,2021-2022   ,123.0 ,-          ,Danny Lee               ,71.072 ,       3687.0 ,8.76             ,        52.0
314 ,2021-2022   ,124.0 ,-          ,Ian Poulter             ,71.078 ,       3118.0 ,9.452            ,        44.0
315 ,2021-2022   ,125.0 ,-          ,Scott Piercy            ,71.084 ,       5429.0 ,44.486           ,        77.0
316 ,2021-2022   ,126.0 ,-          ,Kramer Hickok           ,71.087 ,       6437.0 ,31.936           ,        91.0
317 ,2021-2022   ,127.0 ,-          ,Justin Lower            ,71.093 ,       5068.0 ,50.683           ,        72.0
318 ,2021-2022   ,128.0 ,-          ,Hank Lebioda            ,71.098 ,       5642.0 ,45.812           ,        80.0
319 ,2021-2022   ,129.0 ,-          ,Austin Smotherman       ,71.106 ,       5429.0 ,46.131           ,        77.0
320 ,2021-2022   ,130.0 ,-          ,Danny Willett           ,71.114 ,       4398.0 ,11.052           ,        62.0
321 ,2021-2022   ,131.0 ,-          ,Stewart Cink            ,71.118 ,       5443.0 ,33.111           ,        77.0
322 ,2021-2022   ,131.0 ,-          ,Adam Schenk             ,71.118 ,       6393.0 ,7.575            ,        90.0
323 ,2021-2022   ,133.0 ,-          ,Sepp Straka             ,71.119 ,       6940.0 ,29.672           ,        98.0
324 ,2021-2022   ,134.0 ,-          ,Jonathan Byrd           ,71.135 ,       4013.0 ,41.67            ,        57.0
325 ,2021-2022   ,135.0 ,-          ,Kelly Kraft             ,71.144 ,       4870.0 ,38.927           ,        69.0
326 ,2021-2022   ,136.0 ,-          ,Zach Johnson            ,71.174 ,       4536.0 ,19.161           ,        64.0
327 ,2021-2022   ,137.0 ,-          ,Lucas Herbert           ,71.179 ,       3849.0 ,-5.322           ,        54.0
328 ,2021-2022   ,138.0 ,-          ,Chad Ramey              ,71.208 ,       5160.0 ,38.173           ,        73.0
329 ,2021-2022   ,139.0 ,-          ,Brooks Koepka           ,71.234 ,       3257.0 ,19.785           ,        46.0
330 ,2021-2022   ,140.0 ,-          ,Bill Haas               ,71.255 ,       6349.0 ,63.994           ,        90.0
331 ,2021-2022   ,141.0 ,-          ,Francesco Molinari      ,71.263 ,       3764.0 ,12.915           ,        53.0
332 ,2021-2022   ,142.0 ,-          ,Lucas Glover            ,71.27  ,       6583.0 ,45.093           ,        93.0
333 ,2021-2022   ,143.0 ,-          ,Patton Kizzire          ,71.285 ,       6346.0 ,69.635           ,        90.0
334 ,2021-2022   ,144.0 ,-          ,Michael Gligic          ,71.296 ,       5002.0 ,60.03            ,        71.0
335 ,2021-2022   ,145.0 ,-          ,Andrew Novak            ,71.303 ,       5367.0 ,52.004           ,        76.0
336 ,2021-2022   ,146.0 ,-          ,Brian Stuard            ,71.332 ,       6300.0 ,48.574           ,        89.0
337 ,2021-2022   ,147.0 ,-          ,Henrik Norlander        ,71.365 ,       5091.0 ,47.29            ,        72.0
338 ,2021-2022   ,148.0 ,-          ,Matthew Wolff           ,71.375 ,       3352.0 ,2.64             ,        47.0
339 ,2021-2022   ,149.0 ,-          ,Brice Garnett           ,71.376 ,       5438.0 ,57.921           ,        77.0
340 ,2021-2022   ,150.0 ,-          ,Ben Kohles              ,71.385 ,       4452.0 ,45.256           ,        63.0
341 ,2021-2022   ,151.0 ,-          ,Matt Wallace            ,71.4   ,       3974.0 ,24.407           ,        56.0
342 ,2021-2022   ,152.0 ,-          ,Erik van Rooyen         ,71.453 ,       3410.0 ,19.76            ,        48.0
343 ,2021-2022   ,153.0 ,-          ,Doc Redman              ,71.467 ,       5584.0 ,61.858           ,        79.0
344 ,2021-2022   ,154.0 ,-          ,Hudson Swafford         ,71.49  ,       4530.0 ,45.355           ,        64.0
345 ,2021-2022   ,155.0 ,-          ,S.Y. Noh                ,71.496 ,       4457.0 ,47.228           ,        63.0
346 ,2021-2022   ,156.0 ,-          ,Scott Gutschewski       ,71.51  ,       3961.0 ,43.541           ,        56.0
347 ,2021-2022   ,156.0 ,-          ,Charley Hoffman         ,71.51  ,       4889.0 ,45.191           ,        69.0
348 ,2021-2022   ,158.0 ,-          ,Cameron Champ           ,71.527 ,       3990.0 ,15.53            ,        56.0
349 ,2021-2022   ,159.0 ,-          ,Austin Cook             ,71.543 ,       4882.0 ,54.466           ,        69.0
350 ,2021-2022   ,160.0 ,-          ,Kevin Tway              ,71.554 ,       5454.0 ,55.634           ,        77.0
351 ,2021-2022   ,161.0 ,-          ,Max McGreevy            ,71.556 ,       5110.0 ,42.058           ,        72.0
352 ,2021-2022   ,162.0 ,-          ,Chesson Hadley          ,71.565 ,       5658.0 ,67.197           ,        80.0
353 ,2021-2022   ,163.0 ,-          ,Jim Knous               ,71.566 ,       3614.0 ,35.845           ,        51.0
354 ,2021-2022   ,164.0 ,-          ,Roger Sloan             ,71.569 ,       5189.0 ,35.535           ,        73.0
355 ,2021-2022   ,165.0 ,-          ,Harry Higgs             ,71.606 ,       5693.0 ,35.48            ,        80.0
356 ,2021-2022   ,166.0 ,-          ,Jared Wolfe             ,71.611 ,       4175.0 ,50.026           ,        59.0
357 ,2021-2022   ,167.0 ,-          ,Kiradech Aphibarnrat    ,71.616 ,       3756.0 ,39.654           ,        53.0
358 ,2021-2022   ,168.0 ,-          ,Joseph Bramlett         ,71.619 ,       5745.0 ,56.137           ,        81.0
359 ,2021-2022   ,169.0 ,-          ,Dylan Wu                ,71.628 ,       4756.0 ,43.07            ,        67.0
360 ,2021-2022   ,170.0 ,-          ,Carlos Ortiz            ,71.632 ,       4320.0 ,49.563           ,        61.0
361 ,2021-2022   ,171.0 ,-          ,Brandt Snedeker         ,71.691 ,       4193.0 ,36.79            ,        59.0
362 ,2021-2022   ,172.0 ,-          ,Camilo Villegas         ,71.708 ,       4911.0 ,36.837           ,        69.0
363 ,2021-2022   ,173.0 ,-          ,Paul Barjon             ,71.752 ,       5043.0 ,51.363           ,        71.0
364 ,2021-2022   ,174.0 ,-          ,Jim Herman              ,71.791 ,       3628.0 ,33.337           ,        51.0
365 ,2021-2022   ,175.0 ,-          ,Curtis Thompson         ,71.839 ,       4550.0 ,47.665           ,        64.0
366 ,2021-2022   ,176.0 ,-          ,Martin Trainer          ,71.841 ,       5551.0 ,52.581           ,        78.0
367 ,2021-2022   ,177.0 ,-          ,David Skinns            ,71.907 ,       4694.0 ,51.878           ,        66.0
368 ,2021-2022   ,178.0 ,-          ,Kevin Chappell          ,71.909 ,       3912.0 ,43.002           ,        55.0
369 ,2021-2022   ,179.0 ,-          ,Sung Kang               ,71.923 ,       5678.0 ,75.813           ,        80.0
370 ,2021-2022   ,180.0 ,-          ,Bo Hoag                 ,71.97  ,       3497.0 ,29.552           ,        49.0
371 ,2021-2022   ,181.0 ,-          ,Seth Reeves             ,72.005 ,       4762.0 ,62.337           ,        67.0
372 ,2021-2022   ,      ,           ,tour average            ,71.092 ,              ,                 ,          
373 ,2021-2022   ,182.0 ,-          ,Nick Watney             ,72.038 ,       5450.0 ,24.886           ,        76.0
374 ,2021-2022   ,183.0 ,-          ,Brandon Hagy            ,72.071 ,       5572.0 ,49.541           ,        78.0
375 ,2021-2022   ,184.0 ,-          ,Jason Dufner            ,72.076 ,       3589.0 ,14.815           ,        50.0
376 ,2021-2022   ,185.0 ,-          ,Wesley Bryan            ,72.093 ,       3497.0 ,35.569           ,        49.0
377 ,2021-2022   ,186.0 ,-          ,Garrick Higgo           ,72.172 ,       4178.0 ,7.952            ,        58.0
378 ,2021-2022   ,187.0 ,-          ,Dawie van der Walt      ,72.198 ,       4436.0 ,40.271           ,        62.0
379 ,2021-2022   ,188.0 ,-          ,Brett Drewitt           ,72.233 ,       4149.0 ,40.542           ,        58.0
380 ,2021-2022   ,189.0 ,-          ,Richy Werenski          ,72.31  ,       4509.0 ,46.56            ,        63.0
381 ,2021-2022   ,190.0 ,-          ,Joshua Creel            ,72.388 ,       3374.0 ,28.239           ,        47.0
382 ,2021-2022   ,191.0 ,-          ,Jonas Blixt             ,72.679 ,       3601.0 ,32.962           ,        50.0
383 ,2020-2021   ,  1.0 ,-          ,Jon Rahm                ,69.3   ,       5316.0 ,20.067           ,        77.0
384 ,2020-2021   ,  2.0 ,-          ,Dustin Johnson          ,69.619 ,       5011.0 ,1.597            ,        72.0
385 ,2020-2021   ,  3.0 ,-          ,Louis Oosthuizen        ,69.714 ,       5159.0 ,- .200           ,        74.0
386 ,2020-2021   ,  4.0 ,-          ,Bryson DeChambeau       ,69.728 ,       5566.0 ,12.233           ,        80.0
387 ,2020-2021   ,  5.0 ,-          ,Patrick Cantlay         ,69.736 ,       5413.0 ,26.413           ,        78.0
388 ,2020-2021   ,      ,           ,                        ,       ,              ,                 ,          
389 ,2020-2021   ,  6.0 ,-          ,Justin Thomas           ,69.773 ,       5841.0 ,19.955           ,        84.0
390 ,2020-2021   ,  7.0 ,-          ,Xander Schauffele       ,69.859 ,       5298.0 ,11.284           ,        76.0
391 ,2020-2021   ,  8.0 ,-          ,Daniel Berger           ,69.862 ,       5817.0 ,51.375           ,        84.0
392 ,2020-2021   ,  9.0 ,-          ,Viktor Hovland          ,69.888 ,       5794.0 ,6.706            ,        83.0
393 ,2020-2021   , 10.0 ,-          ,Webb Simpson            ,69.901 ,       5120.0 ,52.700           ,        74.0
394 ,2020-2021   , 11.0 ,-          ,Brooks Koepka           ,69.938 ,       4601.0 ,14.899           ,        66.0
395 ,2020-2021   , 12.0 ,-          ,Abraham Ancer           ,69.939 ,       6814.0 ,39.986           ,        98.0
396 ,2020-2021   , 13.0 ,-          ,Cameron Smith           ,69.969 ,       5698.0 ,39.453           ,        82.0
397 ,2020-2021   , 14.0 ,-          ,Tony Finau              ,69.972 ,       6285.0 ,12.436           ,        90.0
398 ,2020-2021   , 15.0 ,-          ,Patrick Reed            ,70.039 ,       5467.0 ,- 3.960          ,        78.0
399 ,2020-2021   , 16.0 ,-          ,Rory McIlroy            ,70.043 ,       5190.0 ,- 6.787          ,        74.0
400 ,2020-2021   , 17.0 ,-          ,Joaquin Niemann         ,70.045 ,       7106.0 ,38.638           ,       102.0
401 ,2020-2021   , 18.0 ,-          ,Will Zalatoris          ,70.065 ,       6083.0 ,12.642           ,        87.0
402 ,2020-2021   , 19.0 ,-          ,Corey Conners           ,70.067 ,       7267.0 ,20.015           ,       104.0
403 ,2020-2021   , 20.0 ,-          ,Collin Morikawa         ,70.109 ,       5436.0 ,32.515           ,        78.0
404 ,2020-2021   , 21.0 ,-          ,Cameron Tringale        ,70.11  ,       6421.0 ,29.111           ,        92.0
405 ,2020-2021   , 22.0 ,-          ,Harris English          ,70.115 ,       6405.0 ,45.609           ,        92.0
406 ,2020-2021   , 23.0 ,-          ,Russell Henley          ,70.117 ,       5848.0 ,41.807           ,        84.0
407 ,2020-2021   , 24.0 ,-          ,Jordan Spieth           ,70.118 ,       6155.0 ,15.426           ,        88.0
408 ,2020-2021   , 25.0 ,-          ,Brian Harman            ,70.158 ,       6977.0 ,38.755           ,       100.0
409 ,2020-2021   ,      ,           ,                        ,       ,              ,                 ,          
410 ,2020-2021   , 26.0 ,-          ,Paul Casey              ,70.176 ,       5047.0 ,5.679            ,        72.0
411 ,2020-2021   , 27.0 ,-          ,Sam Burns               ,70.184 ,       5847.0 ,48.446           ,        84.0
412 ,2020-2021   , 28.0 ,-          ,Ian Poulter             ,70.221 ,       5073.0 ,- 17.123         ,        72.0
413 ,2020-2021   , 29.0 ,-          ,Tyrrell Hatton          ,70.249 ,       3940.0 ,- 6.043          ,        56.0
414 ,2020-2021   , 30.0 ,-          ,Sungjae Im              ,70.281 ,       8518.0 ,56.338           ,       122.0
415 ,2020-2021   , 31.0 ,-          ,Shane Lowry             ,70.318 ,       5364.0 ,- 19.843         ,        76.0
416 ,2020-2021   , 32.0 ,-          ,Charley Hoffman         ,70.326 ,       6929.0 ,33.240           ,        99.0
417 ,2020-2021   , 32.0 ,-          ,Scottie Scheffler       ,70.326 ,       6841.0 ,50.917           ,        98.0
418 ,2020-2021   , 34.0 ,-          ,Emiliano Grillo         ,70.338 ,       6699.0 ,53.427           ,        96.0
419 ,2020-2021   , 35.0 ,-          ,Kevin Streelman         ,70.341 ,       6727.0 ,25.739           ,        96.0
420 ,2020-2021   , 36.0 ,-          ,Jason Kokrak            ,70.37  ,       6159.0 ,33.581           ,        88.0
421 ,2020-2021   , 37.0 ,-          ,Zach Johnson            ,70.401 ,       5908.0 ,5.667            ,        84.0
422 ,2020-2021   , 38.0 ,-          ,Sergio Garcia           ,70.423 ,       5169.0 ,42.332           ,        74.0
423 ,2020-2021   , 39.0 ,-          ,Chris Kirk              ,70.444 ,       6017.0 ,41.176           ,        86.0
424 ,2020-2021   , 40.0 ,-          ,Adam Scott              ,70.447 ,       5087.0 ,- 14.837         ,        72.0
425 ,2020-2021   , 41.0 ,-          ,Talor Gooch             ,70.457 ,       6309.0 ,32.152           ,        90.0
426 ,2020-2021   , 42.0 ,-          ,Jhonattan Vegas         ,70.486 ,       6172.0 ,30.741           ,        88.0
427 ,2020-2021   , 43.0 ,-          ,Keegan Bradley          ,70.489 ,       6037.0 ,25.084           ,        86.0
428 ,2020-2021   , 44.0 ,-          ,Seamus Power            ,70.495 ,       4043.0 ,45.695           ,        58.0
429 ,2020-2021   , 45.0 ,-          ,Matt Fitzpatrick        ,70.512 ,       4662.0 ,- 8.207          ,        66.0
430 ,2020-2021   , 46.0 ,-          ,Kevin Na                ,70.522 ,       6078.0 ,57.372           ,        87.0
431 ,2020-2021   , 47.0 ,-          ,Patton Kizzire          ,70.541 ,       7116.0 ,79.223           ,       102.0
432 ,2020-2021   , 48.0 ,-          ,Hideki Matsuyama        ,70.563 ,       6524.0 ,38.335           ,        93.0
433 ,2020-2021   , 49.0 ,-          ,Doug Ghim               ,70.57  ,       6018.0 ,50.980           ,        86.0
434 ,2020-2021   , 50.0 ,-          ,Stewart Cink            ,70.576 ,       6309.0 ,42.806           ,        90.0
435 ,2020-2021   , 51.0 ,-          ,Harold Varner III       ,70.592 ,       6327.0 ,26.278           ,        90.0
436 ,2020-2021   , 52.0 ,-          ,Matt Wallace            ,70.594 ,       3781.0 ,- 39.506         ,        53.0
437 ,2020-2021   , 53.0 ,-          ,Hank Lebioda            ,70.642 ,       5045.0 ,41.219           ,        72.0
438 ,2020-2021   , 54.0 ,-          ,Matt Jones              ,70.665 ,       7184.0 ,23.859           ,       102.0
439 ,2020-2021   , 55.0 ,-          ,Aaron Wise              ,70.671 ,       5613.0 ,40.648           ,        80.0
440 ,2020-2021   , 56.0 ,-          ,Erik van Rooyen         ,70.674 ,       5155.0 ,4.202            ,        73.0
441 ,2020-2021   , 57.0 ,-          ,Justin Rose             ,70.678 ,       3820.0 ,- 3.374          ,        54.0
442 ,2020-2021   , 58.0 ,-          ,Pat Perez               ,70.71  ,       6745.0 ,43.159           ,        96.0
443 ,2020-2021   , 59.0 ,-          ,Branden Grace           ,70.741 ,       5722.0 ,8.008            ,        81.0
444 ,2020-2021   , 60.0 ,-          ,Max Homa                ,70.745 ,       6072.0 ,12.111           ,        86.0
445 ,2020-2021   , 61.0 ,-          ,Maverick McNealy        ,70.764 ,       5477.0 ,42.629           ,        78.0
446 ,2020-2021   , 62.0 ,-          ,Cam Davis               ,70.779 ,       6606.0 ,47.242           ,        94.0
447 ,2020-2021   , 63.0 ,-          ,Alex Noren              ,70.78  ,       5790.0 ,13.946           ,        82.0
448 ,2020-2021   , 64.0 ,-          ,Lanto Griffin           ,70.788 ,       6362.0 ,8.895            ,        90.0
449 ,2020-2021   , 65.0 ,-          ,Sepp Straka             ,70.792 ,       6747.0 ,49.061           ,        96.0
450 ,2020-2021   , 66.0 ,-          ,Jason Day               ,70.815 ,       4596.0 ,7.006            ,        65.0
451 ,2020-2021   , 67.0 ,-          ,Charles Howell III      ,70.819 ,       4927.0 ,30.303           ,        70.0
452 ,2020-2021   , 68.0 ,-          ,Brice Garnett           ,70.82  ,       6450.0 ,65.465           ,        92.0
453 ,2020-2021   , 69.0 ,-          ,Brendon Todd            ,70.842 ,       6066.0 ,26.395           ,        86.0
454 ,2020-2021   , 70.0 ,-          ,Lucas Glover            ,70.861 ,       6778.0 ,24.664           ,        96.0
455 ,2020-2021   , 71.0 ,-          ,Roger Sloan             ,70.866 ,       5759.0 ,51.991           ,        82.0
456 ,2020-2021   , 72.0 ,-          ,Bubba Watson            ,70.871 ,       4896.0 ,- 5.899          ,        69.0
457 ,2020-2021   , 73.0 ,-          ,Si Woo Kim              ,70.872 ,       6613.0 ,48.934           ,        94.0
458 ,2020-2021   , 74.0 ,-          ,James Hahn              ,70.897 ,       4906.0 ,56.766           ,        70.0
459 ,2020-2021   , 75.0 ,-          ,Carlos Ortiz            ,70.911 ,       6460.0 ,63.852           ,        92.0
460 ,2020-2021   , 76.0 ,-          ,Ryan Palmer             ,70.92  ,       5194.0 ,54.084           ,        74.0
461 ,2020-2021   , 77.0 ,-          ,Ryan Armour             ,70.922 ,       5481.0 ,50.937           ,        78.0
462 ,2020-2021   , 77.0 ,-          ,C.T. Pan                ,70.922 ,       5652.0 ,21.734           ,        80.0
463 ,2020-2021   , 79.0 ,-          ,Russell Knox            ,70.923 ,       6478.0 ,46.905           ,        92.0
464 ,2020-2021   , 80.0 ,-          ,Brian Stuard            ,70.924 ,       7318.0 ,58.070           ,       104.0
465 ,2020-2021   , 81.0 ,-          ,Billy Horschel          ,70.925 ,       6063.0 ,36.530           ,        86.0
466 ,2020-2021   , 82.0 ,-          ,Troy Merritt            ,70.942 ,       6934.0 ,18.311           ,        98.0
467 ,2020-2021   , 83.0 ,-          ,Scott Stallings         ,70.952 ,       5350.0 ,42.383           ,        76.0
468 ,2020-2021   , 84.0 ,-          ,Adam Hadwin             ,70.961 ,       6245.0 ,- .466           ,        88.0
469 ,2020-2021   , 85.0 ,-          ,Anirban Lahiri          ,70.982 ,       4770.0 ,56.785           ,        68.0
470 ,2020-2021   , 86.0 ,-          ,Bo Hoag                 ,70.992 ,       6129.0 ,47.286           ,        87.0
471 ,2020-2021   , 87.0 ,-          ,Mackenzie Hughes        ,71.018 ,       6361.0 ,30.630           ,        90.0
472 ,2020-2021   , 88.0 ,-          ,Andrew Putnam           ,71.019 ,       6273.0 ,47.716           ,        89.0
473 ,2020-2021   , 89.0 ,-          ,Luke List               ,71.02  ,       6273.0 ,47.822           ,        89.0
474 ,2020-2021   , 90.0 ,-          ,Matthew NeSmith         ,71.021 ,       6214.0 ,35.858           ,        88.0
475 ,2020-2021   , 91.0 ,-          ,Mark Hubbard            ,71.033 ,       6763.0 ,56.157           ,        96.0
476 ,2020-2021   , 92.0 ,-          ,Cameron Percy           ,71.037 ,       5419.0 ,50.869           ,        77.0
477 ,2020-2021   , 92.0 ,-          ,Brandt Snedeker         ,71.037 ,       5937.0 ,30.120           ,        84.0
478 ,2020-2021   , 94.0 ,-          ,Tommy Fleetwood         ,71.046 ,       4272.0 ,- 9.222          ,        60.0
479 ,2020-2021   , 95.0 ,-          ,Adam Schenk             ,71.054 ,       7177.0 ,70.553           ,       102.0
480 ,2020-2021   , 95.0 ,-          ,Lee Westwood            ,71.054 ,       4417.0 ,- 11.646         ,        62.0
481 ,2020-2021   , 97.0 ,-          ,Denny McCarthy          ,71.057 ,       6653.0 ,26.316           ,        94.0
482 ,2020-2021   , 98.0 ,-          ,Sebastián Muñoz         ,71.073 ,       7192.0 ,57.420           ,       102.0
483 ,2020-2021   , 99.0 ,-          ,Chez Reavie             ,71.075 ,       5949.0 ,21.264           ,        84.0
484 ,2020-2021   ,100.0 ,-          ,Charl Schwartzel        ,71.088 ,       6094.0 ,19.610           ,        86.0
485 ,2020-2021   ,101.0 ,-          ,Scott Piercy            ,71.1   ,       5566.0 ,50.874           ,        79.0
486 ,2020-2021   ,102.0 ,-          ,Camilo Villegas         ,71.109 ,       5434.0 ,41.371           ,        77.0
487 ,2020-2021   ,103.0 ,-          ,Doc Redman              ,71.123 ,       5376.0 ,29.326           ,        76.0
488 ,2020-2021   ,104.0 ,-          ,Chase Seiffert          ,71.13  ,       5509.0 ,39.125           ,        78.0
489 ,2020-2021   ,105.0 ,-          ,Chesson Hadley          ,71.134 ,       5092.0 ,29.645           ,        72.0
490 ,2020-2021   ,105.0 ,-          ,John Huh                ,71.134 ,       4105.0 ,20.746           ,        58.0
491 ,2020-2021   ,107.0 ,-          ,Rory Sabbatini          ,71.141 ,       5308.0 ,27.546           ,        75.0
492 ,2020-2021   ,108.0 ,-          ,Patrick Rodgers         ,71.16  ,       7223.0 ,35.351           ,       102.0
493 ,2020-2021   ,109.0 ,-          ,Joel Dahmen             ,71.162 ,       5805.0 ,30.316           ,        82.0
494 ,2020-2021   ,110.0 ,-          ,Danny Willett           ,71.164 ,       3367.0 ,- 22.270         ,        47.0
495 ,2020-2021   ,111.0 ,-          ,Kyle Stanley            ,71.167 ,       6355.0 ,49.991           ,        90.0
496 ,2020-2021   ,112.0 ,-          ,Kramer Hickok           ,71.175 ,       4884.0 ,27.101           ,        69.0
497 ,2020-2021   ,112.0 ,-          ,Kevin Tway              ,71.175 ,       4365.0 ,47.820           ,        62.0
498 ,2020-2021   ,114.0 ,-          ,Tom Hoge                ,71.187 ,       6784.0 ,49.911           ,        96.0
499 ,2020-2021   ,114.0 ,-          ,Sam Ryder               ,71.187 ,       6081.0 ,41.084           ,        86.0
500 ,2020-2021   ,116.0 ,-          ,Vince Whaley            ,71.207 ,       5648.0 ,48.579           ,        80.0
501 ,2020-2021   ,117.0 ,-          ,Harry Higgs             ,71.212 ,       5646.0 ,50.972           ,        80.0
502 ,2020-2021   ,117.0 ,-          ,Peter Malnati           ,71.212 ,       5668.0 ,28.990           ,        80.0
503 ,2020-2021   ,119.0 ,-          ,Michael Thompson        ,71.215 ,       5241.0 ,28.880           ,        74.0
504 ,2020-2021   ,120.0 ,-          ,Kevin Kisner            ,71.216 ,       5518.0 ,36.847           ,        78.0
505 ,2020-2021   ,121.0 ,-          ,J.T. Poston             ,71.221 ,       5978.0 ,4.580            ,        84.0
506 ,2020-2021   ,122.0 ,-          ,K.H. Lee                ,71.227 ,       7491.0 ,59.040           ,       106.0
507 ,2020-2021   ,123.0 ,-          ,Matt Kuchar             ,71.25  ,       4669.0 ,33.528           ,        66.0
508 ,2020-2021   ,124.0 ,-          ,Jason Dufner            ,71.253 ,       6109.0 ,18.796           ,        86.0
509 ,2020-2021   ,125.0 ,-          ,Henrik Norlander        ,71.264 ,       5948.0 ,38.180           ,        84.0
510 ,2020-2021   ,      ,           ,tour average            ,71.273 ,              ,                 ,          
511 ,2020-2021   ,126.0 ,-          ,Gary Woodland           ,71.279 ,       5007.0 ,- 17.482         ,        70.0
512 ,2020-2021   ,127.0 ,-          ,Wyndham Clark           ,71.283 ,       5541.0 ,19.061           ,        78.0
513 ,2020-2021   ,128.0 ,-          ,Keith Mitchell          ,71.286 ,       5940.0 ,48.004           ,        84.0
514 ,2020-2021   ,129.0 ,-          ,Adam Long               ,71.288 ,       5979.0 ,9.167            ,        84.0
515 ,2020-2021   ,130.0 ,-          ,Nate Lashley            ,71.302 ,       5378.0 ,40.961           ,        76.0
516 ,2020-2021   ,131.0 ,-          ,Marc Leishman           ,71.303 ,       5387.0 ,32.011           ,        76.0
517 ,2020-2021   ,132.0 ,-          ,Vaughn Taylor           ,71.322 ,       5519.0 ,44.089           ,        78.0
518 ,2020-2021   ,133.0 ,-          ,Rickie Fowler           ,71.33  ,       5565.0 ,- 1.225          ,        78.0
519 ,2020-2021   ,133.0 ,-          ,Satoshi Kodaira         ,71.33  ,       5364.0 ,57.063           ,        76.0
520 ,2020-2021   ,135.0 ,-          ,Matthew Wolff           ,71.333 ,       3901.0 ,22.313           ,        55.0
521 ,2020-2021   ,136.0 ,-          ,Bronson Burgoon         ,71.334 ,       5095.0 ,41.064           ,        72.0
522 ,2020-2021   ,137.0 ,-          ,Robert Streb            ,71.335 ,       5796.0 ,53.462           ,        82.0
523 ,2020-2021   ,138.0 ,-          ,Nick Taylor             ,71.344 ,       6353.0 ,67.993           ,        90.0
524 ,2020-2021   ,139.0 ,-          ,Brendan Steele          ,71.383 ,       5406.0 ,19.090           ,        76.0
525 ,2020-2021   ,140.0 ,-          ,Tyler McCumber          ,71.386 ,       4839.0 ,15.245           ,        68.0
526 ,2020-2021   ,141.0 ,-          ,David Hearn             ,71.397 ,       4539.0 ,30.381           ,        64.0
527 ,2020-2021   ,142.0 ,-          ,Tom Lewis               ,71.439 ,       5701.0 ,14.105           ,        80.0
528 ,2020-2021   ,143.0 ,-          ,Dylan Frittelli         ,71.443 ,       5129.0 ,14.889           ,        72.0
529 ,2020-2021   ,144.0 ,-          ,Joseph Bramlett         ,71.481 ,       5525.0 ,50.511           ,        78.0
530 ,2020-2021   ,145.0 ,-          ,Aaron Baddeley          ,71.512 ,       3817.0 ,44.666           ,        54.0
531 ,2020-2021   ,146.0 ,-          ,Beau Hossler            ,71.525 ,       6246.0 ,48.167           ,        88.0
532 ,2020-2021   ,147.0 ,-          ,Rafa Cabrera Bello      ,71.556 ,       5296.0 ,- .839           ,        74.0
533 ,2020-2021   ,148.0 ,-          ,Richy Werenski          ,71.567 ,       6113.0 ,41.749           ,        86.0
534 ,2020-2021   ,149.0 ,-          ,Martin Laird            ,71.576 ,       5690.0 ,36.092           ,        80.0
535 ,2020-2021   ,150.0 ,-          ,Sean O'Hair             ,71.577 ,       3618.0 ,32.449           ,        51.0
536 ,2020-2021   ,151.0 ,-          ,Rob Oppenheim           ,71.595 ,       5237.0 ,61.019           ,        74.0
537 ,2020-2021   ,152.0 ,-          ,Will Gordon             ,71.597 ,       6260.0 ,40.544           ,        88.0
538 ,2020-2021   ,153.0 ,-          ,Ben Martin              ,71.604 ,       3550.0 ,30.175           ,        50.0
539 ,2020-2021   ,154.0 ,-          ,Josh Teater             ,71.607 ,       3394.0 ,43.159           ,        48.0
540 ,2020-2021   ,155.0 ,-          ,Brandon Hagy            ,71.609 ,       5279.0 ,20.044           ,        74.0
541 ,2020-2021   ,156.0 ,-          ,Michael Gligic          ,71.614 ,       5672.0 ,57.105           ,        80.0
542 ,2020-2021   ,157.0 ,-          ,Austin Cook             ,71.618 ,       5101.0 ,55.522           ,        72.0
543 ,2020-2021   ,158.0 ,-          ,Luke Donald             ,71.656 ,       3987.0 ,25.757           ,        56.0
544 ,2020-2021   ,159.0 ,-          ,Danny Lee               ,71.677 ,       4221.0 ,7.947            ,        59.0
545 ,2020-2021   ,160.0 ,-          ,Mark Anderson           ,71.685 ,       3962.0 ,52.374           ,        56.0
546 ,2020-2021   ,161.0 ,-          ,Ben Taylor              ,71.694 ,       3541.0 ,43.683           ,        50.0
547 ,2020-2021   ,162.0 ,-          ,Jim Herman              ,71.7   ,       4708.0 ,24.203           ,        66.0
548 ,2020-2021   ,163.0 ,-          ,Hudson Swafford         ,71.738 ,       5824.0 ,58.512           ,        82.0
549 ,2020-2021   ,164.0 ,-          ,Scott Brown             ,71.754 ,       5687.0 ,53.350           ,        80.0
550 ,2020-2021   ,165.0 ,-          ,Byeong Hun An           ,71.756 ,       6008.0 ,19.498           ,        84.0
551 ,2020-2021   ,166.0 ,-          ,Bill Haas               ,71.763 ,       3131.0 ,26.591           ,        44.0
552 ,2020-2021   ,167.0 ,-          ,D.J. Trahan             ,71.785 ,       4702.0 ,35.804           ,        66.0
553 ,2020-2021   ,168.0 ,-          ,Tyler Duncan            ,71.788 ,       6434.0 ,26.877           ,        90.0
554 ,2020-2021   ,169.0 ,-          ,Robby Shelton           ,71.807 ,       5724.0 ,20.580           ,        80.0
555 ,2020-2021   ,170.0 ,-          ,Ryan Brehm              ,71.81  ,       4126.0 ,38.956           ,        58.0
556 ,2020-2021   ,171.0 ,-          ,J.J. Spaun              ,71.855 ,       5126.0 ,47.551           ,        72.0
557 ,2020-2021   ,172.0 ,-          ,Xinjun Zhang            ,71.862 ,       4863.0 ,23.631           ,        68.0
558 ,2020-2021   ,173.0 ,-          ,Phil Mickelson          ,71.897 ,       5323.0 ,- 2.603          ,        74.0
559 ,2020-2021   ,174.0 ,-          ,Chris Baker             ,71.899 ,       3847.0 ,35.529           ,        54.0
560 ,2020-2021   ,175.0 ,-          ,Scott Harrington        ,71.913 ,       5647.0 ,34.093           ,        79.0
561 ,2020-2021   ,176.0 ,-          ,Rafael Campos           ,71.919 ,       4281.0 ,34.110           ,        60.0
562 ,2020-2021   ,177.0 ,-          ,Bo Van Pelt             ,71.97  ,       5143.0 ,38.841           ,        72.0
563 ,2020-2021   ,178.0 ,-          ,Andrew Landry           ,72.044 ,       4695.0 ,59.888           ,        66.0
564 ,2020-2021   ,179.0 ,-          ,Fabián Gómez            ,72.078 ,       3865.0 ,27.210           ,        54.0
565 ,2020-2021   ,180.0 ,-          ,Cameron Champ           ,72.088 ,       5354.0 ,52.627           ,        75.0
566 ,2020-2021   ,181.0 ,-          ,Jimmy Walker            ,72.121 ,       5352.0 ,- 15.031         ,        74.0
567 ,2020-2021   ,182.0 ,-          ,"Ted Potter, Jr."       ,72.136 ,       4869.0 ,36.259           ,        68.0
568 ,2020-2021   ,183.0 ,-          ,Kris Ventura            ,72.182 ,       5027.0 ,25.724           ,        70.0
569 ,2020-2021   ,184.0 ,-          ,Brian Gay               ,72.193 ,       5024.0 ,29.488           ,        70.0
570 ,2020-2021   ,185.0 ,-          ,Rhein Gibson            ,72.197 ,       4012.0 ,31.021           ,        56.0
571 ,2020-2021   ,186.0 ,-          ,J.B. Holmes             ,72.208 ,       3451.0 ,14.977           ,        48.0
572 ,2020-2021   ,187.0 ,-          ,K.J. Choi               ,72.301 ,       3724.0 ,35.641           ,        52.0
573 ,2020-2021   ,188.0 ,-          ,Nelson Ledesma          ,72.469 ,       3430.0 ,48.505           ,        48.0
574 ,2020-2021   ,189.0 ,-          ,Michael Gellerman       ,72.511 ,       3361.0 ,47.029           ,        47.0
575 ,2020-2021   ,190.0 ,-          ,Sebastian Cappelen      ,72.557 ,       3892.0 ,26.102           ,        54.0
576 ,2020-2021   ,191.0 ,-          ,Sung Kang               ,72.614 ,       6217.0 ,27.828           ,        86.0
577 ,2020-2021   ,192.0 ,-          ,Nick Watney             ,72.787 ,       3887.0 ,43.484           ,        54.0
578 ,2020-2021   ,193.0 ,-          ,Michael Kim             ,72.809 ,       4975.0 ,48.798           ,        69.0
579 ,2020-2021   ,194.0 ,-          ,Grayson Murray          ,73.115 ,       3560.0 ,22.638           ,        49.0
580 ,2020-2021   ,195.0 ,-          ,Martin Trainer          ,73.131 ,       4283.0 ,31.718           ,        59.0
581 ,2020-2021   ,196.0 ,-          ,Hunter Mahan            ,73.201 ,       4142.0 ,30.443           ,        57.0
582 ,2019-2020   ,  1.0 ,-          ,Webb Simpson            ,68.978 ,       3539.0 ,47.881           ,        52.0
583 ,2019-2020   ,  2.0 ,1          ,Jon Rahm                ,69.127 ,       3991.0 ,18.356           ,        58.0
584 ,2019-2020   ,  3.0 ,2          ,Justin Thomas           ,69.128 ,       4538.0 ,24.461           ,        66.0
585 ,2019-2020   ,  4.0 ,2          ,Rory McIlroy            ,69.219 ,       4146.0 ,7.155            ,        60.0
586 ,2019-2020   ,  5.0 ,2          ,Xander Schauffele       ,69.227 ,       4832.0 ,13.902           ,        70.0
587 ,2019-2020   ,      ,           ,                        ,       ,              ,                 ,          
588 ,2019-2020   ,  6.0 ,2          ,Daniel Berger           ,69.237 ,       4403.0 ,28.197           ,        64.0
589 ,2019-2020   ,  7.0 ,5          ,Bryson DeChambeau       ,69.241 ,       4263.0 ,29.931           ,        62.0
590 ,2019-2020   ,  8.0 ,-          ,Dustin Johnson          ,69.323 ,       3378.0 ,18.845           ,        49.0
591 ,2019-2020   ,  9.0 ,-          ,Harris English          ,69.496 ,       5254.0 ,27.673           ,        76.0
592 ,2019-2020   , 10.0 ,-          ,Tyrrell Hatton          ,69.507 ,       2901.0 ,18.304           ,        42.0
593 ,2019-2020   , 11.0 ,-          ,Patrick Reed            ,69.586 ,       5136.0 ,13.399           ,        74.0
594 ,2019-2020   , 12.0 ,2          ,Scottie Scheffler       ,69.709 ,       5680.0 ,36.165           ,        82.0
595 ,2019-2020   , 13.0 ,-          ,Patrick Cantlay         ,69.764 ,       3201.0 ,8.135            ,        46.0
596 ,2019-2020   , 14.0 ,2          ,Hideki Matsuyama        ,69.766 ,       5137.0 ,25.668           ,        74.0
597 ,2019-2020   , 15.0 ,1          ,Collin Morikawa         ,69.856 ,       5566.0 ,22.505           ,        80.0
598 ,2019-2020   , 16.0 ,1          ,Abraham Ancer           ,69.892 ,       5147.0 ,25.036           ,        74.0
599 ,2019-2020   , 17.0 ,-          ,Gary Woodland           ,69.93  ,       4318.0 ,17.684           ,        62.0
600 ,2019-2020   , 18.0 ,-          ,Adam Scott              ,69.977 ,       2647.0 ,12.114           ,        38.0
601 ,2019-2020   , 19.0 ,1          ,Sungjae Im              ,69.987 ,       6539.0 ,39.769           ,        94.0
602 ,2019-2020   , 20.0 ,1          ,Tony Finau              ,69.992 ,       4998.0 ,41.441           ,        72.0
603 ,2019-2020   , 21.0 ,-          ,Brian Harman            ,70.041 ,       5415.0 ,48.216           ,        78.0
604 ,2019-2020   , 22.0 ,-          ,Viktor Hovland          ,70.06  ,       5160.0 ,24.447           ,        74.0
605 ,2019-2020   , 23.0 ,-          ,Matt Fitzpatrick        ,70.07  ,       3789.0 ,- 5.222          ,        54.0
606 ,2019-2020   , 24.0 ,3          ,Alex Noren              ,70.127 ,       3900.0 ,27.139           ,        56.0
607 ,2019-2020   , 25.0 ,3          ,Ian Poulter             ,70.14  ,       3355.0 ,11.731           ,        48.0
608 ,2019-2020   ,      ,           ,                        ,       ,              ,                 ,          
609 ,2019-2020   , 26.0 ,1          ,Brendon Todd            ,70.151 ,       5994.0 ,38.954           ,        86.0
610 ,2019-2020   , 27.0 ,2          ,Russell Henley          ,70.157 ,       4386.0 ,33.902           ,        63.0
611 ,2019-2020   , 28.0 ,2          ,Jason Day               ,70.163 ,       3713.0 ,5.657            ,        53.0
612 ,2019-2020   , 29.0 ,3          ,Ryan Palmer             ,70.196 ,       4757.0 ,16.341           ,        68.0
613 ,2019-2020   , 30.0 ,6          ,Billy Horschel          ,70.209 ,       5528.0 ,18.507           ,        79.0
614 ,2019-2020   , 31.0 ,-          ,Tommy Fleetwood         ,70.259 ,       2797.0 ,13.350           ,        40.0
615 ,2019-2020   , 32.0 ,-          ,Shane Lowry             ,70.265 ,       3077.0 ,14.674           ,        44.0
616 ,2019-2020   , 33.0 ,1          ,Harold Varner III       ,70.297 ,       5163.0 ,39.004           ,        74.0
617 ,2019-2020   , 34.0 ,1          ,Brendan Steele          ,70.302 ,       4481.0 ,18.334           ,        64.0
618 ,2019-2020   , 35.0 ,1          ,Bud Cauley              ,70.308 ,       4281.0 ,7.796            ,        61.0
619 ,2019-2020   , 35.0 ,1          ,Bubba Watson            ,70.308 ,       4619.0 ,21.310           ,        66.0
620 ,2019-2020   , 37.0 ,1          ,Matt Kuchar             ,70.312 ,       3927.0 ,10.465           ,        56.0
621 ,2019-2020   , 38.0 ,1          ,Kevin Kisner            ,70.36  ,       5096.0 ,40.264           ,        73.0
622 ,2019-2020   , 39.0 ,6          ,Joaquin Niemann         ,70.364 ,       5312.0 ,35.688           ,        76.0
623 ,2019-2020   , 40.0 ,1          ,Paul Casey              ,70.373 ,       3916.0 ,24.874           ,        56.0
624 ,2019-2020   , 41.0 ,1          ,Zach Johnson            ,70.388 ,       4270.0 ,23.670           ,        61.0
625 ,2019-2020   , 42.0 ,1          ,Adam Long               ,70.41  ,       6158.0 ,38.043           ,        88.0
626 ,2019-2020   , 43.0 ,1          ,Mark Hubbard            ,70.414 ,       6005.0 ,50.597           ,        86.0
627 ,2019-2020   , 44.0 ,1          ,Joel Dahmen             ,70.415 ,       5543.0 ,19.764           ,        79.0
628 ,2019-2020   , 45.0 ,1          ,J.T. Poston             ,70.429 ,       5456.0 ,37.470           ,        78.0
629 ,2019-2020   , 46.0 ,1          ,Corey Conners           ,70.43  ,       5191.0 ,20.824           ,        74.0
630 ,2019-2020   , 46.0 ,6          ,Kevin Na                ,70.43  ,       4974.0 ,26.553           ,        71.0
631 ,2019-2020   , 48.0 ,1          ,Lanto Griffin           ,70.451 ,       6445.0 ,36.510           ,        92.0
632 ,2019-2020   , 49.0 ,1          ,Denny McCarthy          ,70.454 ,       5375.0 ,49.970           ,        77.0
633 ,2019-2020   , 50.0 ,-          ,Doc Redman              ,70.477 ,       5725.0 ,54.078           ,        82.0
634 ,2019-2020   , 51.0 ,9          ,Sebastián Muñoz         ,70.485 ,       5874.0 ,46.749           ,        84.0
635 ,2019-2020   , 52.0 ,1          ,Louis Oosthuizen        ,70.493 ,       3379.0 ,4.668            ,        48.0
636 ,2019-2020   , 53.0 ,1          ,Rickie Fowler           ,70.499 ,       3085.0 ,16.953           ,        44.0
637 ,2019-2020   , 54.0 ,1          ,Will Gordon             ,70.524 ,       2226.0 ,30.755           ,        32.0
638 ,2019-2020   , 55.0 ,-          ,Carlos Ortiz            ,70.528 ,       5045.0 ,33.022           ,        72.0
639 ,2019-2020   , 56.0 ,1          ,Cameron Tringale        ,70.534 ,       4403.0 ,40.613           ,        63.0
640 ,2019-2020   , 57.0 ,1          ,Talor Gooch             ,70.535 ,       5820.0 ,34.365           ,        83.0
641 ,2019-2020   , 58.0 ,1          ,Brooks Koepka           ,70.546 ,       2827.0 ,- 5.163          ,        40.0
642 ,2019-2020   , 59.0 ,2          ,Brice Garnett           ,70.563 ,       4049.0 ,43.630           ,        58.0
643 ,2019-2020   , 60.0 ,2          ,Byeong Hun An           ,70.568 ,       5271.0 ,21.567           ,        75.0
644 ,2019-2020   , 61.0 ,2          ,Richy Werenski          ,70.573 ,       3923.0 ,29.100           ,        56.0
645 ,2019-2020   , 62.0 ,2          ,Sergio Garcia           ,70.574 ,       3085.0 ,20.258           ,        44.0
646 ,2019-2020   , 63.0 ,2          ,Matthew NeSmith         ,70.575 ,       4756.0 ,43.096           ,        68.0
647 ,2019-2020   , 64.0 ,13         ,Mackenzie Hughes        ,70.589 ,       4918.0 ,23.195           ,        70.0
648 ,2019-2020   , 64.0 ,2          ,Justin Rose             ,70.589 ,       2672.0 ,10.371           ,        38.0
649 ,2019-2020   , 66.0 ,1          ,Tom Hoge                ,70.605 ,       5203.0 ,21.775           ,        74.0
650 ,2019-2020   , 67.0 ,1          ,Nick Taylor             ,70.607 ,       4150.0 ,15.804           ,        59.0
651 ,2019-2020   , 68.0 ,1          ,Danny Lee               ,70.609 ,       4843.0 ,28.990           ,        69.0
652 ,2019-2020   , 69.0 ,1          ,Adam Hadwin             ,70.61  ,       4557.0 ,32.675           ,        65.0
653 ,2019-2020   , 70.0 ,3          ,Jim Furyk               ,70.616 ,       2739.0 ,15.040           ,        39.0
654 ,2019-2020   , 71.0 ,3          ,Jason Kokrak            ,70.617 ,       4353.0 ,25.284           ,        62.0
655 ,2019-2020   , 72.0 ,3          ,Dylan Frittelli         ,70.63  ,       5770.0 ,21.698           ,        82.0
656 ,2019-2020   , 73.0 ,3          ,Cam Davis               ,70.639 ,       4056.0 ,41.064           ,        58.0
657 ,2019-2020   , 74.0 ,2          ,Cameron Smith           ,70.643 ,       4497.0 ,24.166           ,        64.0
658 ,2019-2020   , 75.0 ,3          ,Ryan Moore              ,70.707 ,       3090.0 ,21.114           ,        44.0
659 ,2019-2020   , 76.0 ,3          ,Charles Howell III      ,70.716 ,       4844.0 ,35.399           ,        69.0
660 ,2019-2020   , 77.0 ,3          ,Matthew Wolff           ,70.726 ,       5211.0 ,22.736           ,        74.0
661 ,2019-2020   , 78.0 ,3          ,Scott Stallings         ,70.727 ,       4671.0 ,67.709           ,        67.0
662 ,2019-2020   , 79.0 ,3          ,Brandt Snedeker         ,70.731 ,       3706.0 ,42.752           ,        53.0
663 ,2019-2020   , 80.0 ,3          ,Adam Schenk             ,70.732 ,       5165.0 ,69.197           ,        74.0
664 ,2019-2020   , 81.0 ,3          ,Kevin Streelman         ,70.738 ,       5141.0 ,22.885           ,        73.0
665 ,2019-2020   , 82.0 ,3          ,Russell Knox            ,70.76  ,       4411.0 ,46.882           ,        63.0
666 ,2019-2020   , 83.0 ,4          ,Sam Burns               ,70.778 ,       4073.0 ,32.133           ,        58.0
667 ,2019-2020   , 84.0 ,4          ,Rory Sabbatini          ,70.779 ,       4645.0 ,26.437           ,        66.0
668 ,2019-2020   , 85.0 ,4          ,Maverick McNealy        ,70.79  ,       5329.0 ,51.030           ,        76.0
669 ,2019-2020   , 86.0 ,4          ,Henrik Norlander        ,70.798 ,       5190.0 ,49.076           ,        74.0
670 ,2019-2020   , 87.0 ,4          ,Bronson Burgoon         ,70.809 ,       3701.0 ,51.870           ,        53.0
671 ,2019-2020   , 88.0 ,4          ,Matt Jones              ,70.817 ,       5344.0 ,38.078           ,        76.0
672 ,2019-2020   , 89.0 ,4          ,Vaughn Taylor           ,70.827 ,       4299.0 ,21.434           ,        61.0
673 ,2019-2020   , 90.0 ,4          ,Tyler Duncan            ,70.84  ,       5836.0 ,43.705           ,        83.0
674 ,2019-2020   , 91.0 ,4          ,Harry Higgs             ,70.852 ,       5844.0 ,36.707           ,        83.0
675 ,2019-2020   , 92.0 ,4          ,Pat Perez               ,70.853 ,       3855.0 ,41.925           ,        55.0
676 ,2019-2020   , 93.0 ,5          ,Jordan Spieth           ,70.856 ,       4367.0 ,26.085           ,        62.0
677 ,2019-2020   , 94.0 ,5          ,Keegan Bradley          ,70.861 ,       4801.0 ,17.560           ,        68.0
678 ,2019-2020   , 95.0 ,2          ,Cameron Champ           ,70.868 ,       4929.0 ,31.787           ,        70.0
679 ,2019-2020   , 96.0 ,4          ,Patrick Rodgers         ,70.869 ,       6398.0 ,51.051           ,        91.0
680 ,2019-2020   , 97.0 ,4          ,Jhonattan Vegas         ,70.883 ,       3505.0 ,39.158           ,        50.0
681 ,2019-2020   , 98.0 ,4          ,Brian Stuard            ,70.885 ,       5679.0 ,62.709           ,        81.0
682 ,2019-2020   , 99.0 ,4          ,Aaron Wise              ,70.899 ,       3162.0 ,28.455           ,        45.0
683 ,2019-2020   ,100.0 ,4          ,Nick Watney             ,70.902 ,       3094.0 ,25.689           ,        44.0
684 ,2019-2020   ,101.0 ,4          ,Tim Wilkinson           ,70.936 ,       3224.0 ,39.064           ,        46.0
685 ,2019-2020   ,102.0 ,4          ,Max Homa                ,70.942 ,       4939.0 ,26.961           ,        70.0
686 ,2019-2020   ,103.0 ,4          ,Seamus Power            ,70.962 ,       2239.0 ,31.770           ,        32.0
687 ,2019-2020   ,104.0 ,4          ,Emiliano Grillo         ,70.963 ,       4567.0 ,45.589           ,        65.0
688 ,2019-2020   ,105.0 ,4          ,Kyle Stanley            ,71.008 ,       3717.0 ,46.418           ,        53.0
689 ,2019-2020   ,106.0 ,4          ,Phil Mickelson          ,71.009 ,       3599.0 ,22.481           ,        51.0
690 ,2019-2020   ,107.0 ,4          ,Chez Reavie             ,71.043 ,       5428.0 ,42.307           ,        77.0
691 ,2019-2020   ,108.0 ,4          ,Luke List               ,71.048 ,       4860.0 ,42.338           ,        69.0
692 ,2019-2020   ,109.0 ,4          ,Xinjun Zhang            ,71.058 ,       5436.0 ,35.452           ,        77.0
693 ,2019-2020   ,110.0 ,4          ,Charley Hoffman         ,71.06  ,       4149.0 ,43.531           ,        59.0
694 ,2019-2020   ,111.0 ,4          ,Michael Thompson        ,71.061 ,       4371.0 ,34.753           ,        62.0
695 ,2019-2020   ,112.0 ,4          ,Cameron Percy           ,71.073 ,       3162.0 ,36.263           ,        45.0
696 ,2019-2020   ,113.0 ,4          ,Sam Ryder               ,71.091 ,       4922.0 ,54.379           ,        70.0
697 ,2019-2020   ,114.0 ,4          ,Ryan Armour             ,71.092 ,       4068.0 ,55.344           ,        58.0
698 ,2019-2020   ,115.0 ,4          ,Mark Anderson           ,71.095 ,       3319.0 ,22.480           ,        47.0
699 ,2019-2020   ,116.0 ,4          ,Sepp Straka             ,71.102 ,       4943.0 ,34.132           ,        70.0
700 ,2019-2020   ,117.0 ,4          ,Branden Grace           ,71.108 ,       2880.0 ,35.423           ,        41.0
701 ,2019-2020   ,118.0 ,4          ,Lucas Glover            ,71.12  ,       4724.0 ,41.051           ,        67.0
702 ,2019-2020   ,119.0 ,5          ,Jason Dufner            ,71.159 ,       4390.0 ,21.855           ,        62.0
703 ,2019-2020   ,120.0 ,5          ,Troy Merritt            ,71.165 ,       4791.0 ,48.244           ,        68.0
704 ,2019-2020   ,121.0 ,5          ,Chris Baker             ,71.17  ,       3454.0 ,33.312           ,        49.0
705 ,2019-2020   ,122.0 ,5          ,Chase Seiffert          ,71.175 ,       3806.0 ,37.468           ,        54.0
706 ,2019-2020   ,123.0 ,-          ,Marc Leishman           ,71.186 ,       4343.0 ,- .672           ,        61.0
707 ,2019-2020   ,124.0 ,4          ,Stewart Cink            ,71.189 ,       3621.0 ,9.639            ,        51.0
708 ,2019-2020   ,125.0 ,4          ,Bo Hoag                 ,71.193 ,       4718.0 ,51.923           ,        67.0
709 ,2019-2020   ,126.0 ,4          ,Matt Wallace            ,71.206 ,       3129.0 ,4.052            ,        44.0
710 ,2019-2020   ,127.0 ,4          ,Chesson Hadley          ,71.228 ,       4078.0 ,53.208           ,        58.0
711 ,2019-2020   ,127.0 ,4          ,Andrew Landry           ,71.228 ,       4453.0 ,34.367           ,        63.0
712 ,2019-2020   ,129.0 ,4          ,Peter Uihlein           ,71.235 ,       3016.0 ,47.101           ,        43.0
713 ,2019-2020   ,130.0 ,4          ,Wyndham Clark           ,71.243 ,       4323.0 ,22.808           ,        61.0
714 ,2019-2020   ,131.0 ,4          ,Fabián Gómez            ,71.252 ,       3870.0 ,48.862           ,        55.0
715 ,2019-2020   ,132.0 ,4          ,Si Woo Kim              ,71.254 ,       5221.0 ,51.763           ,        74.0
716 ,2019-2020   ,133.0 ,4          ,Ben Martin              ,71.259 ,       2532.0 ,33.325           ,        36.0
717 ,2019-2020   ,134.0 ,4          ,David Hearn             ,71.266 ,       3592.0 ,42.581           ,        51.0
718 ,2019-2020   ,135.0 ,4          ,Rafa Cabrera Bello      ,71.285 ,       3749.0 ,29.098           ,        53.0
719 ,2019-2020   ,135.0 ,4          ,James Hahn              ,71.285 ,       2538.0 ,28.272           ,        36.0
720 ,2019-2020   ,137.0 ,4          ,Aaron Baddeley          ,71.291 ,       3309.0 ,41.664           ,        47.0
721 ,2019-2020   ,138.0 ,4          ,Keith Mitchell          ,71.298 ,       4554.0 ,9.084            ,        64.0
722 ,2019-2020   ,139.0 ,4          ,Brandon Hagy            ,71.3   ,       3242.0 ,37.785           ,        46.0
723 ,2019-2020   ,139.0 ,4          ,Rob Oppenheim           ,71.3   ,       4317.0 ,32.295           ,        61.0
724 ,2019-2020   ,141.0 ,4          ,Scott Piercy            ,71.306 ,       4673.0 ,33.226           ,        66.0
725 ,2019-2020   ,142.0 ,4          ,D.J. Trahan             ,71.307 ,       3318.0 ,33.438           ,        47.0
726 ,2019-2020   ,143.0 ,4          ,Josh Teater             ,71.335 ,       2882.0 ,42.723           ,        41.0
727 ,2019-2020   ,144.0 ,4          ,K.H. Lee                ,71.339 ,       5087.0 ,49.383           ,        72.0
728 ,2019-2020   ,145.0 ,4          ,Martin Laird            ,71.344 ,       2746.0 ,36.426           ,        39.0
729 ,2019-2020   ,146.0 ,4          ,Robby Shelton           ,71.358 ,       5028.0 ,38.412           ,        71.0
730 ,2019-2020   ,147.0 ,4          ,Joseph Bramlett         ,71.367 ,       3751.0 ,31.473           ,        53.0
731 ,2019-2020   ,148.0 ,4          ,Nate Lashley            ,71.384 ,       3676.0 ,35.992           ,        52.0
732 ,2019-2020   ,149.0 ,4          ,Beau Hossler            ,71.387 ,       4743.0 ,39.928           ,        67.0
733 ,2019-2020   ,150.0 ,4          ,Doug Ghim               ,71.402 ,       2826.0 ,30.096           ,        40.0
734 ,2019-2020   ,151.0 ,4          ,Brian Gay               ,71.407 ,       4461.0 ,37.671           ,        63.0
735 ,2019-2020   ,152.0 ,4          ,Patton Kizzire          ,71.444 ,       3882.0 ,47.442           ,        55.0
736 ,2019-2020   ,153.0 ,4          ,Kramer Hickok           ,71.472 ,       3464.0 ,38.152           ,        49.0
737 ,2019-2020   ,154.0 ,4          ,Vince Whaley            ,71.478 ,       2687.0 ,29.158           ,        38.0
738 ,2019-2020   ,155.0 ,5          ,Sung Kang               ,71.489 ,       5198.0 ,20.664           ,        73.0
739 ,2019-2020   ,156.0 ,5          ,Austin Cook             ,71.522 ,       4236.0 ,55.303           ,        60.0
740 ,2019-2020   ,157.0 ,5          ,Kris Ventura            ,71.567 ,       3099.0 ,49.938           ,        44.0
741 ,2019-2020   ,158.0 ,5          ,Scott Brown             ,71.572 ,       4541.0 ,39.617           ,        64.0
742 ,2019-2020   ,159.0 ,5          ,Kevin Chappell          ,71.573 ,       2907.0 ,27.509           ,        41.0
743 ,2019-2020   ,160.0 ,5          ,Peter Malnati           ,71.574 ,       4036.0 ,43.690           ,        57.0
744 ,2019-2020   ,161.0 ,5          ,Hank Lebioda            ,71.578 ,       3894.0 ,42.770           ,        55.0
745 ,2019-2020   ,162.0 ,5          ,Scott Harrington        ,71.583 ,       4841.0 ,26.659           ,        68.0
746 ,2019-2020   ,163.0 ,5          ,Roger Sloan             ,71.586 ,       3608.0 ,42.905           ,        51.0
747 ,2019-2020   ,164.0 ,5          ,Anirban Lahiri          ,71.601 ,       2475.0 ,31.027           ,        35.0
748 ,2019-2020   ,165.0 ,5          ,Wes Roach               ,71.602 ,       2831.0 ,33.096           ,        40.0
749 ,2019-2020   ,166.0 ,5          ,Tyler McCumber          ,71.636 ,       3761.0 ,35.686           ,        53.0
750 ,2019-2020   ,167.0 ,5          ,C.T. Pan                ,71.637 ,       3988.0 ,23.696           ,        56.0
751 ,2019-2020   ,168.0 ,5          ,Zac Blair               ,71.705 ,       4698.0 ,34.501           ,        66.0
752 ,2019-2020   ,169.0 ,5          ,Michael Gligic          ,71.72  ,       3403.0 ,39.546           ,        48.0
753 ,2019-2020   ,170.0 ,5          ,Chris Stroud            ,71.733 ,       3256.0 ,43.735           ,        46.0
754 ,2019-2020   ,171.0 ,5          ,Ryan Brehm              ,71.798 ,       3543.0 ,46.878           ,        50.0
755 ,2019-2020   ,172.0 ,5          ,Danny Willett           ,71.805 ,       2867.0 ,5.189            ,        40.0
756 ,2019-2020   ,173.0 ,5          ,Grayson Murray          ,71.81  ,       2559.0 ,26.161           ,        36.0
757 ,2019-2020   ,174.0 ,5          ,Ben Taylor              ,71.823 ,       2976.0 ,40.583           ,        42.0
758 ,2019-2020   ,175.0 ,5          ,Robert Streb            ,71.836 ,       3554.0 ,37.795           ,        50.0
759 ,2019-2020   ,176.0 ,5          ,Graeme McDowell         ,71.866 ,       3439.0 ,10.563           ,        48.0
760 ,2019-2020   ,177.0 ,5          ,Arjun Atwal             ,71.867 ,       2196.0 ,31.869           ,        31.0
761 ,2019-2020   ,178.0 ,5          ,Andrew Putnam           ,71.871 ,       3278.0 ,28.061           ,        46.0
762 ,2019-2020   ,179.0 ,5          ,"Ted Potter, Jr."       ,71.877 ,       3127.0 ,35.592           ,        44.0
763 ,2019-2020   ,180.0 ,6          ,Jimmy Walker            ,71.927 ,       3314.0 ,- 5.343          ,        46.0
764 ,2019-2020   ,181.0 ,6          ,Kevin Tway              ,71.992 ,       3434.0 ,21.639           ,        48.0
765 ,2019-2020   ,182.0 ,6          ,Zack Sucher             ,72.006 ,       2557.0 ,35.202           ,        36.0
766 ,2019-2020   ,      ,           ,tour average            ,71.099 ,              ,                 ,          
767 ,2019-2020   ,183.0 ,6          ,Jim Herman              ,72.022 ,       4309.0 ,12.345           ,        60.0
768 ,2019-2020   ,184.0 ,6          ,Michael Gellerman       ,72.048 ,       2983.0 ,42.996           ,        42.0
769 ,2019-2020   ,185.0 ,6          ,Bill Haas               ,72.06  ,       3121.0 ,49.628           ,        44.0
770 ,2019-2020   ,186.0 ,6          ,J.J. Spaun              ,72.066 ,       4134.0 ,45.844           ,        58.0
771 ,2019-2020   ,187.0 ,6          ,Rhein Gibson            ,72.087 ,       3559.0 ,45.364           ,        50.0
772 ,2019-2020   ,188.0 ,6          ,Sebastian Cappelen      ,72.106 ,       3777.0 ,44.603           ,        53.0
773 ,2019-2020   ,189.0 ,6          ,Dominic Bozzelli        ,72.277 ,       2568.0 ,33.988           ,        36.0
774 ,2019-2020   ,190.0 ,6          ,Nelson Ledesma          ,72.579 ,       2866.0 ,37.145           ,        40.0
775 ,2019-2020   ,191.0 ,6          ,Matt Every              ,72.589 ,       3234.0 ,32.485           ,        45.0
776 ,2019-2020   ,192.0 ,7          ,Bo Van Pelt             ,73.586 ,       3125.0 ,39.191           ,        43.0
777 ,2019-2020   ,193.0 ,7          ,Martin Trainer          ,74.865 ,       3416.0 ,27.774           ,        46.0
